quoted_text,emosi
kwalita didik jawa ganjar pranowo baik gaji guru honor bijak sambut guru honor ganjar pranowo,senang
ganjar peduli budaya nusantara bangga calon presiden indonesia ganjar pranowo respect peduli budaya nusantara ganjar yg ganti jokowi ntah nasib budaya nusantara depan ganjar peneru jokowi,senang
peduli ganjar pranowo didik spp grati honor sejahtera non formal sejahtera virtual solusi anak putu sekolah,senang
dear warga lombok calon presiden 2024 ayoo rapat baris amp ganjarpranowo istana utk lanjut visi misi jokowi bangun indonesia,senang
antusiasm masyarakat bagai daerah ganjar pranowo real coba donk yg foto ani dtg kunjung ga brp juta kira2 yg sambut kepo nih,terkejut
batas beliau stempel pki kalah kontestasi serah bagi,jijik
1 juta miskin entas ganjar pranowo jawa mengiki miskin turun angka mesti langkah nyata smk board jateng adl investasi kelak warga jateng jatuh jurang miskin,takut
ganjar pranowo dorong gen z rawat kembang seni budaya bangsa indonesia majubersamaganjarbangunri jenni bruno mar one piec onad wendi loudest concert rate r powerpuff girl sarap,senang
rapat baris ganjar pranowo,senang
era ganjar pranowo angka partisipasi kuliah tingkat jabat naik 100 antusias masyarakat jateng kuliah didik berband luru ekonomi masyarakat,senang
bacapres pdi juang ganjar pranowo masyarakat cerita hasil presiden joko widodo bangun sirkuit mandalika ntb via,senang
putra baik bangsa ganjar pranowo tgb muhammad zainul majdi nya makan canda pikir masalah bangsa,senang
wan ambruk aplikasi sprti ehh hasil yg lapor persekusi jancuuukk,marah
hadir raya ultah barajp jokowi ulang sikap dukung ganjar pranowo,senang
kaum bongdrun partisan hore sorak gembira krn temu ahi puan runtuh koalisi minim informasi benar nya mengganj ganjar fakta trah soekarno jatuh non soekarno,marah
calon presiden indonesia ganjar pranowo silaturahmi dpw ppp safari politik ntb sahabatganjar ganjarpranowo ganjar menangkanganjar generasigotongroyong,senang
cantik sederhana enerjik cerda banget dr sosok atiqoh supriyanti istri dr ganjar pranowo beliau sdh selesai tipe istri yg antar suami anak suks seep,senang
ingat ganjar pranowo sambut hangat riah daerah kunjung rekam jejak capai jabat layak apresiasi layak pilih presiden,senang
gagas ganjar pranowo sekolah virtual program indonesia luncur 2020 silam tuju kurang angka putu sekolah,senang
daerah ntb benar2 bilang wooouw ya masyarakat tumpah ruah jalan sambut hadir ganjar pranowo bukti gp kharisma kuat daya tarik daerah tsb,senang
erickthohir chhuda5 mana hadir erik ganjar pranowo ketemu heboh riah amp seru lanjut pimpin negara indonesia cinta,senang
perna kepala daerah peduli dgn didik terkhusu utk warga miskin didik salah kurang angka miskin ganjar pranowo bantu,senang
ganjar pranowo merah renon bal yg warga batas sambut hadir gp renon bal duga saudara bal hadir lebih kapasita laut manusia satu hati saudara indonesia timur lanjut bangun jokowi,senang
hasil capres ganjar pranowo menang lawan capres ani baswedan semuadukungprabowo neruskepakdh,senang
sejahtera guru honor baik gaji guru honor baik kualita didik ganjar pranowo tetap honorarium gtt satu didik negeri utk umk tambah 10,senang
2020 ganjar pranowo bebas biaya spp siswa negeri jateng biaya ambil tanggung bop bantu operasion selenggara,senang
coba poll kotak kosong gp anda lawan ganjar kotak kosong pilpr 2024 pilih kotak kosong retweet ganjar pranowo like aja biar simpel berani jujur hebat,marah
90 persen masyarakat dukung ganjar pranowo ganjarcapres,senang
ganjar pranowo kriteria bacawapr damping hr visi jiwa muda b paham holistik byk anak muda pikir tua byk jg orang tua pikir muda yg jiwa,senang
pengaruh tgb ganjar pranowo menang ntb lampau persentas target cc ganjarpranowo,senang
diskusi santai ganjar pranowo acara mabar maju ganjar tema kaum muda bicara kebon vintag car bal hadir ratus generasi z penuh tepuk tangan gelak tawa ganjar santai humor laden papar,senang
ganjar pranowo tunjuk semesta jaya nusantara,senang
ganjar pranowo bandara internasion lombok wita bandara ganjar sambut ketua dpd pdi juang ntb rachmat hidayat kader pdi juang ntb ganjar kalung selendang tenun kha lombok tanda tamu hormat,senang
ntb sambut ganjar pranowo ganjarpranowo ganjar pranowo ri1,senang
ganjar pranowo hadir konsolidasi menang pilpr 2024 kota lombok nusa tenggara barat ntb minggu 18 juni,senang
kagum ridwan kamil ganjar pranowo indomi battl one piec baekhyun vietnam love gisel bpj powerpuff girl wendi bruno mar aang nonton balap mark lee thank you senin sarap junkyu,senang
pasang baik yg terus bangun jokowi jaga pancasila kadrun orma larang ganjarpranowo erickthohir giat medium sosial dukung ganjar pranowo pinang erick thohir cawapr,senang
jateng provinsi kaya tp uang negara benar2 manfaat ganjar pranowo utk tekan angka miskin,senang
ekspresi ekspresi jokowi makan ganjar pranowo nyaman senyum foto suasana penuh tegang,takut
strategi program entas miskin ala ma ganjar pranowo mudah lacak jejak digitigalnya contoh salah satu program didik grati,terkejut
strategi gagas ganjar pranowo kikis miskin dunia didik smkn jateng sekolah grati siswa berpretasi tekan angka putu sekolah entas ribu keluarga miskin ganjarpranowo,terkejut
ga pakai jet pribadi payah ga keren jongo oligarki ani ganjar pranowo sambut hangat riah warga lombok rebut selfi salam ganjaruntuksemua lanjutkanbersamaganjar,senang
dukung ganjar pranowo sodara2,senang
elektabilita ani salip ganjar pranowo pepet prabowo,terkejut
masyarakat bal all out dukung ganjar pranowo,senang
bacapres ganjar pranowo temu puluh ribu gemar ntb,senang
gubernur bal ajak bupati walikota dukung ganjar pranowo rawan optimi menang putar hattrick ganjaruntuksemua lanjutkanbersamaganjar,senang
elektabilita ganjar persen margin of error survei persen hasil prabowoaja puncak salip ganjar pranowo prabowo subiant,senang
bal totalita dukung ganjar pranowo presiden 2024,senang
ppp usung nama sandiaga uno maju pendamp ganjar pranowo ajang milu partai gerindra,terkejut
ganjar pranowo the next presiden ri 2024 masuk lapang masyarakat lombok timur penuh lapang nasion selong,senang
ganjar pranowo tekan semangat bangun koalisi gotong royong sama solid majubersamaganjarbangunri,senang
ganjar pranowo ulama santri lombok doa presiden 2024 okezonenew alhamdulillah yg doa ganjarpranowo moga ijabah doa doa aami,senang
gubernur ganjar pranowo baik gaji honor kualita didik yes ganjarpranowo,terkejut
ganjar pranowo harap hadir kurang anggur buka jateng majubersamaganjarbangunri,senang
ganjar pranowo capres 2024,senang
ganjar pranowo bantu 2 lansia magelang majubersamaganjarbangunri,terkejut
ppdb sman smkn jateng 2023 buka terima siswa dgn tambah kuota kursi warga jateng didik grati nya ganjar pranowo,senang
pimpin amp bijak peneru yg percaya dr ganjar dahulu lanjut sejahtera rakyat dukung ganjar pranowo sodara2,senang
berkat program gaga ganjar pranowo sektor didik sempat warga kuliah tingkat pesat,senang
gin dengar aspirasi anak muda gen z ganjar pranowo dialog gen z muda bal buka anak muda industri kreatif libat ak perintah,senang
wooh banget kuota ppdb saman smkn 2023 ganjar pranowo kursi lulus smp thn lbh loh banding thn ganjarpranowo,senang
bal gaspol lombok pesawat kela ekonomi privat jet lombok ganjar pranowo sambut antusia laut massa hati antar anak kandung reformasi bawa tongkat estafet jokowi ganjarpilihanrakyat,senang
ganjar pranowo capres yg tangan berani pegang merah putih cc,senang
era pimpin ganjar pranowo angka partisipasi sekolah jateng tingkat antusiasm masyarakat kuliah tingkat,senang
pengentasn miskin adl program yg sngat utama gubernur ganjar pranowo salah adl dgn buka sekolah smkn jateng grati bgi warga miskin sdh bnyk lulus smkn jateng yg bkerja prusahaan dlm negeri shngga bnyak rakyt miskin yg sdh hidup lbih layak,terkejut
ganjar pranowo milik peduli guru agama ganjar pranowo guru agama ujung tombak edukasi kait ilmu agama budi pekerti kebhinekaan,terkejut
pesan ganjar pranowo perempuan indonesia ajar meni,takut
elektabilita ani baswedan salip ganjar pranowo pepet prabowo subianto survei baru ipo,takut
terobos gubernur jawa ganjar pranowo dunia didik insentif ajar agama agama jateng anggar rp 277 miliar total terima ganjarpranowo timnasday,terkejut
gen z maju ganjar pranowo ganjarmenangtot,senang
setyaki22965702 laingenlisa ganjarpranowo pilih ganjar pranow,senang
siappp tum pppmenang partaipersatuanpembangunan,senang
pimpin nyali sungguh wajah garang intonasi pimpin berani tindak,senang
ganjar pranowo dukung penuh masyarakat ntb ganjarcapres,senang
ganjarpranowo pin pemaj kunjung ntb bacapres pdip ganjar pranowo kunjung nusa tenggara barat kunjung kali masyarakat sasak semat pin pemaj ganjar ganjaruntuksemua lanjutkanbersamaganjar,senang
ketua dpw partai satu bangun ppp ntb muzihir aku bahagia kantor partai kunjung langsung ganjar pranowo ganjar tang pilih presiden pilpr 2024 ganjarpranowo sandiuno,senang
ganjar pranowo dengar paham harap gen z ganjarcapres,senang
ganjar pranowo tuan guru bajang zainul majdi kumpul kerumun ntb interaksi antusiasm cipta momen penuh bahagia ajak ganjar foto ada kamera,senang
mari syukur 10thn perhati jokowi pd ntb dngn pilih ganjar pilpr diband,senang
ganjar freeport nikel ambil alih olah nilai calon presiden pdi juang ganjar pranowo sukses presiden joko widodo jokowi catat program fondasi wujud indonesia,marah
silaturahmi ganjar pranowo masyarakat ntb jalin ganjarcapres,senang
ganjar pranowo antusia nyobain mobil fatmawati bal ganjaranapp ganjarpranowo ganjarforpresiden2024 ganjarpresiden2024 presiden2024 pemilu2024 ganjarcapres pilpres2024 ganjarpranowo2024,senang
alumnus universita padjadjaran jawa barat dukung ganjar pranowo,senang
rapat baris ganjar pranowo warga ntb ganjarcapres,senang
alumnus unpad nyata dukung ganjar pranowo presiden 2024,senang
capres pdi juang pdip ganjar pranowo dialog gen z muda bal buka anak muda industri kreatif libat ak perintah one piec kairi iphone14 axelsen,senang
warga lombok dukung ganjar pranowo ganjarcapres,senang
ganjar pranowo sosok pimpin pegang teguh prinsip integrita sosok ganjar nilai layak lanjut perintah presiden jokowi one piec kairi iphone14 axelsen,senang
ganjar jalan sehat bal rawan harap ganjar lanjut program jokowi datang warga daerah bal ikut acara jalan santai ganjar pranowo gubernur bal wayan koster one piec kairi iphone14 axelsen,senang
teman2 yg bal nih yg rapat jalan sehat bareng ganjar seru ya datang ganjar sambut tepuk tangan histeria dukung daru masyarakat bal dukung ganjar pranowo one piec kairi iphone14 axelsen pontianak morningg iphon 14 rodri,senang
anak muda bandung 90 persen dukung ganjar pranowo ganjarcapres,senang
pijar sembah cerita atikoh rumah aspirasi rawan ganjarpranowo perempuan indonesia pilih ganjar pijar komunita rawan perempuan indonesia dukung calon presiden ganjar pranowo pilih presiden ri 2024,senang
dukung ganjar pranowo presiden 2024,senang
mileni gen z dukung ganjar pranowo ganjarcapres,senang
ganjarpranowo damping tgb temu tokoh masyarakat ntb calon presiden capres ganjar pranowo kunjung lombok nusa tenggara barat minggu ketua hari dpp partai perindo tuan guru bajang tgb zainul majdi damping ganjar,senang
angka partisi sekolah anak usia tingkat 12 ganjarpranowo jabat bukti didik jateng maju era ganjar pranowo,senang
rapat baris ganjar pranowo sambut riah warga rawan ntb ganjarpresiden ganjarcapres,senang
dukung fanatik ganjar pranowo pribadi edit gambar yg diskredit dang gambar amor suka,jijik
ganjar sosok pimpin ruang generasi muda gen z mileni bal ganjar pranowo,senang
respon temu ganjar pranowo bagu,senang
sukarelawan santri dukung ganjar pranowo sdg edukasi amp kenal kitab karya karya alim ulama tgh moh shaleh hambali kpda anak didik kawasan lombok mana ganjarpranowo jg dgn ulama santri lombok doa ganjar,senang
ken sosok siti atikoh istri ganjar pranowo publik penasaran tarik dibaha pasal sang suami gubernur jawa didapuk calon presiden pilpr 2024 usung pdi juang pepatah,senang
bal allout dukung ganjar pranowo ganjarpresiden ganjarcapres,senang
acara bal ganjar pranowo mabar gen z mileni ganjarcapres ganjarpranowo,senang
dukung ganjar pranowo ganjarpresiden ganjarcapres,senang
rakyat indonesia dukung ganjar pranowo presiden indonesia 2024 powerpuff girl baekhyun wendi onad one piec bpj bruno mar apel pagi indomi battl pagi senin sarap mark lee thank you,senang
ga poll dukung ganjar pranowo pilpr 2024 utk bangun indonesia sambung salam metal,senang
musniumar kelola parpol ubah ubah profesion komitmen intern nya brengsek dukung ganjar pranowo ahi anjangsana dg brengsek banget tunda rampung milu,marah
setyaki22965702 dinakusmayanti9 ganjar pranowo putih bacapres yg abu abu karna takut hilang suara pilih 2024 jatuh pilih bacapres yg benar2 nasional sejati kaleng beka pecat tri pecat milit ok,marah
ganjar pranowo gagal nyapr evaluasi calon gp,marah
dapat generasi muda yg milik wawas pandang tsamara aman ganjar pranowo sosok pimpin yg milik kwalita pimpin prestasi layak jg jadi bacapres dr pdip period smoga suks menang menjdi presiden ri 8,senang
rapat baris ganjar pranowo ayodukungganjar ganjarcapres ganjardihati ganjarthebest ganjaruntukindonesia,senang
ganjar pranowo sosok pimpin indonesia ganjardihati ganjarthebest ganjaruntukindonesia ayodukungganjar,senang
alumnus unpad jawa barat dukung ganjar pranowo ganjarpresiden ganjarcapres,senang
wowwww masyarakat ntb ganjar pranowo figur pimpin rakyat cinta masyarakat,senang
kabar gak kayak partai raja kebo yg paksa anak manja kudu jdi uda bener sandi pasang lg klw ganjarpranowo biar erickthohir,marah
bacapres ganjar pranowo hadir acara jalan sehat kantor gubernur bal sabtu pagi ganjar kao olahraga warna hitam langsung kerumun awak medium potret hadir one piec kairi iphone14 axelsen,senang
anak muda bandung dukung ganjar pranowo ganjarpresiden ganjarcapres,senang
ganjar pranowo ikut jalan sehat creativ fun walk kawasan renon denpasar bal giat jalan sehat tsb ikut ribu warga rawan daerah bal ria dukung thd ganjar gema one piec kairi iphone14 axelsen jenni tidur,senang
ganjar pranowo nilai sbg figur pimpin yg rakyat milik integrita gerak dasar peduli masyarakat krn ganjar pegang teguh prinsip integrita dlm laksana tuga layan masyarakat one piec kairi iphone14 axelsen,senang
ganjar pranowo sosok pimpin pegang teguh prinsip integrita salah pilih pimpin dukung ganjar presiden 2024 one piec kairi iphone14 axelsen,senang
ganjar pranowo jalan sehat bal ribu warga bal sambut riah hadir ganjar keren nih bal dukung ganjar one piec kairi iphone14 axelsen,senang
optimi menang putar ganjaruntuksemua lanjutkanbersamaganjar gubernur bal ajak bupati wali kota pulau dewata menang capres ganjar pranowo target 90 persen,senang
dukung ganjar pranowo for presiden 2024 capresesganjar,senang
catat ya jadwal ganjar pranowo ntb ganjarcapres ntb,senang
ganjar pranowo pilih rakyat ganjarcapres,senang
ganjar pranowo the next presiden 2024 timnasday vietnam love gisel bpj nabilataqiyyah pagiii onad aang apel pagi morninggg ganjarmenangtot,senang
program sekolah virtual gaga ganjar pranowo harap warga lanjut didik ijazah didik sekolah jokowi ganjaranapp ganjarpranowo ganjarforpresiden2024 ganjarpresiden2024,senang
ganjar pranowo pilih ganjarcapres,senang
publik percaya ganjar pranowo figur lanjut sukses program jokowi ganjar dukung kalang masyarakat,senang
ganjar pranowo ragu prestasi nya ganjarpresiden,takut
ganjar pranowo baik ganjarpresiden,senang
ganjar pranowo pimpin tangguh suka masyarakat ganjarpresiden,senang
ketua hari dpp partai perindo zainul majdi akrab sapa tuan guru bajang tgb cawapr ganjar geliat transaksion,senang
ganjar pranowo pimpin berani suka jokowi ganjarpresiden,senang
siap diri inspirasi ganjar pranowo gen z satu jajah inovatif diskusi cari solusi cerah bersamaganjar ganjaruntukindonesia ganjarpresiden2024 ganjarpranowo,senang
ganjar pranowo pimpin peduli didik majubersamaganjarbangunri ganjarpranowo,senang
mimpi siti atikoh ganjar pranowo istri anak mandiri antar ma ganjar capai ganjar pranowo ri1,senang
ganjar pranowo geber bangun infrastruktur jateng maju majubersamaganjarbangunri ganjarpranowo,senang
ganjar pranowo ken dedikasi daya pemuda hadir libat diskusi makna bagi wawas harga inspirasi generasi peneru bersamaganjar ganjaruntukindonesia ganjarpresiden2024 ganjarpranowo,senang
ganjar pranowo terus hilir industri perintah majubersamaganjarbangunri ganjarpranowo,senang
siti atiqoh suks rumah tangga istri jabat,senang
sambut riah warga rawan ntb ganjar pranowo ganjarcapres,senang
ganjar pranowo sambut ribu dukung lombok rebut selfi salam ganjar capres idam rakyat indonesia,senang
gak ganti presiden presid indonesia kecuali ganti ganjar pranowo ganjarmenangtot wowo yg berani,senang
pdip orang ntb pilih ganjar capai target aku segan sanksi pecat kader menang ganjar pranowo pilpr,senang
ganjar pranowo ajak masyarakat nusa tenggara barat berita hoax majubersamaganjarbangunri,senang
partburunggalak ganjar pranowo presiden peneru kerja presiden jokowi rampung indonesia maju sejahtera nkri harga mati ani baswedan minat,senang
ganjar pranowo ingat kader pdip ntb politik identita kuat majubersamaganjarbangunri ganjarpranowo,takut
ganjar pranowo tekan semangat bangun polisi gotong royong sama solid majubersamaganjarbangunri,senang
alumnus universita jabar ganjar pranowo,senang
ganjar pranowo yg dtg kalang politi n solidar maker erick thohir pimpin yg sgt paham ekonomi n administr milik alam kelola organisasi ganjarerickduetterbaik,marah
penuh semangat kumpul tokoh inspiratif ganjar pranowo gabung temu raya kuat kreativita potensi generasi muda bersamaganjar ganjaruntukindonesia ganjarpresiden2024 ganjarpranowo,senang
kerjasama usaha ganjar pranowo intervensi anggur majubersamaganjarbangunri ganjarpranowo,senang
sandiuno resmi tugas partai satu bangun ppp ketua badan menang milu bappilu nasion ppp capres pdi juang pdip ganjarpranowo merespon,senang
ganjar pranowo bantu lansia magelang rumah layak sehat majubersamaganjarbangunri ganjarpranowo,terkejut
calon negara q siti atikoh ganjar pranowo,senang
laskar sesak indonesia nilai ganjar pranowo pimpin peduli rawat budaya bangsa indonesia majubersamaganjarbangunri,terkejut
ketemu ganjar pranowo kesan anak muda lombok ntb,senang
ganjar pranowo the next presiden pilih rakyat indonesia ganjarbawakemajuan ganjarfor2024 dukungganjar,senang
milleni gen z mabar maju bareng ganjar pranowo ganjarbawakemajuan ganjarfor2024 dukungganjar,senang
ganjar pranowo gen z rawat kembang seni budaya indonesia majubersamaganjarbangunri,senang
anak muda bandung dukung ganjar pranowo,senang
ganjar pranowo daki gunung rinjani wujud mahasiswa majubersamaganjarbangunri,senang
ganjar pranowo libat anak muda rawat budaya majubersamaganjarbangunri,senang
ganjar pranowo hadap kader pdip ntb guna politik identita guna gagas majubersamaganjarbangunri,marah
orang provinsi ntb syukur pilih ganjar pranowo pilpr 2024,senang
ganjar pranowo kader ntb bunuh politik identita kuat jelang laksana pilpr milu 2024 majubersamaganjarbangunri,marah
ganjar pranowo layak pimpin indonesia ganjarcapres ganjarpranowo,senang
ganjar pranowo ajak peran laku kerjasama budaya jawa bal majubersamaganjarbangunri,senang
warga ntb menang ganjar pranowo presiden 2024 ganjarcapres ganjarpranowo,senang
antusia masyarakat ntb hadir ganjar pranowo ganjarcapres ganjarpranowo,senang
ganjar pranowo dengar paham harap gen z ganjarcapres bruno mar lisa tvri iphon 14 gint kingthelandep1 jungkooki yeonjun namjoon gantung plossa,senang
yaq de jok mbe nike ketemu ganjar catat ne batur ganjarcapres bruno mar lisa tvri iphon 14 gint kingthelandep1 jungkooki yeonjun namjoon gantung plossapak ganjar pranowo dukung penuh masyarakat ntb,senang
hadir ganjar pranowo kantor dpp pdi juang ntb sambut antusia ribu dukung majubersamaganjarbangunri,senang
siticeriaselalu ganjarpranowo teman rawan dukung ganjar pranowo databas infografi prestasi bantu tambah amunisi temen temen perang udara silah d sebar anggota rawan terima kasih,senang
ganjar pranowo posisi elektabilita persen kitasemuabersatu neruskepakdh,netral
sambut riah ganjarpranowo masyarakat ntb menang ganjar pranowo pilpr 2024 ntb,senang
gubernur jawa ganjar pranowo harap hadir aplikasi kurang anggur buka provinsi jateng majubersamaganjarbangunri,senang
masyarakat lapis mana dukung ganjar pranowo presiden ri ganjarpranowo ganjarcapres ganjaruntuksemua ganjarpresiden,senang
kst jatim kuat dukung warga ganjar presiden rawan dukung ganjar pranowo gabung kst jatim bantu renovasi masjid desa jangkar politikpemerintahan bangkal jatim surabaya via beritajatimcom,senang
gubernur jawa ganjar pranowo progr tangan miskin ekstrem jawa jalan bagu majubersamaganjarbangunri,senang
gubernur jawa ganjar pranowo kerjasama usaha intervensi anggur wilayah jateng majubersamaganjarbangunri,senang
emang ganjar pranowo idola gaspol 2024 timnasday vietnam love gisel bpj nabilataqiyyah pagiii onad aang apel pagi morninggg ganjarmenangtot,senang
emg ahi cari panggung utk naik elektabilita habi puan b jd ketemu ganjar pranowo,marah
bangun inklusif ala ganjar gubernur jawa ganjar pranowo bangun tdk bangun bentuk fisik ttpi jg bangun aspek layan msyrkt adil sosial bangun sumber daya manusia ganjaeuntukindonesiamaju,marah
puluh ribu masyarakat bal kompak nyanyi lagu ganjar pranowo ganjarpranowo onad wendi jenni pagiii morninggg nabilataqiyyah aespaatseenfestiv sore timnasday ganjarmenangtot,senang
ganjar pranowo sang jaga nkri timnasday vietnam love gisel bpj nabilataqiyyah pagiii onad aang apel pagi morninggg ganjarmenangtot,senang
unggul gubernur jawa ganjar pranowo mantan gubernur dki jakarta ani baswedan semuadukungprabowo neruskepakdh,senang
alumnus unpad dukung ganjar pranowo ganjarcapres,senang
rapat baris ganjar pranowo timnasday vietnam love gisel bpj nabilataqiyyah pagiii onad aang apel pagi morninggg ganjarmenangtot,senang
dukung ganjar pranowo presiden timnasday vietnam love gisel bpj nabilataqiyyah pagiii onad aang apel pagi morninggg ganjarmenangtot,senang
ganjar pranowo bantu lansia magelang rumah layak sehat majubersamaganjarbangunri,senang
alumnus universita padjadjaran jawa barat dukung ganjar pranowo ganjarcapres,senang
jokowi ganjarpranowo indonesia maju ganjar pranow,senang
alumnus unpad nyata dukung ganjar pranowo ganjarcapres,senang
terang benderang joko widodo presiden ri 7 presiden ri 8 yg 11 12 dengan ya ma ganjar pranowo yg 100 siaaap lanjut k e r j a k e r a s karya2 ma jokowi,senang
hidayatnatari presiden indonesia 2024 ganjar pranowo,senang
ganjarpranowo indonesia maju ganjar pranow,senang
ntb sambut ganjar pranowo antusia,senang
lombok ganjarpranowo sambut warga hangat riah ntb lombok ganjaranapp ganjarforpresiden2024 ganjarpresiden2024 presiden2024 pemilu2024 ganjarcapres pilpres2024 ganjarpranowo2024,senang
ganjarpranowo mantap ganjar indonesia butuh pimpin ganjar pranow,senang
didki lawan ani ahok hukum 212 kadrun dki demo lawan ani pribumi ganjar benci fitnah asumsi sesat dukung bodoh pro ani,marah
ganjar pranowo ajak warga ntb satu ganjarcapres,senang
ketua dpd pdip ntb rachmat hidayat sebut orang provinsi syukur pilih ganjar pranowo pilpr 2024,senang
ganjar pranowo presiden 2024 majubersamaganjarbangunri,senang
ganjar pranowo ajak gen z mileni tentu arah politik majubersamaganjarbangunri,senang
kesittt ganjar pranowo presiden peneru kerja presiden jokowi rampung indonesia maju sejahtera nkri harga mati ani minat,senang
ganjar pranowo ingat jajar hindar kkn terima gratifikasi ganjar tindak oknum bukti ancam pecat oknum libat kkn terima gratifikasi ganjaruntuksemua lanjutkanbersamaganjar,takut
ganjar pranowo ajak warga ntb berita hoax majubersamaganjarbangunri,takut
ganjar pranowo sambut ribu dukung lombok rebut selamat salam ganjarcapres,senang
ganjar pranowo sambut ribu dukung rebut foto majubersamaganjarbangunri,senang
jokowi percaya ganjar pranowo indonesia bangun negara maju sejahtera bersamaganjar ganjaruntukindonesia ganjarpresiden2024 ganjarpranowo,senang
rapat baris ganjar pranowo sambut riah warga rawan ntb,senang
ganjar pranowo hasil bawa provinsi jawa oleh harga tim kendali inflasi baik kali majubersamaganjarbangunri,senang
tinggal si milik rambut putih ganjar pranowo langgan buzzer kampany kotor duit ya dipak sen buzzer duit rakyat partai rakyat jateng warga miskin ganjarpranowo,marah
dengar program gubernur ajar program diinisasi ganjar pranowo gubernur jawa jd program program peduli ganjar didik langsung yg program ajar dr antikorupsi anti radikalism,senang
gubernur jawa ganjar pranowo aplikasi sihati patok harga produk komunita majubersamaganjarbangunri,senang
tokoh rakyat dukung rakya,senang
ganjar tumpang mobil presiden ri 1 5 ratu ayu indigo ramal tanda tanda menang ganjar pranowo,senang
asliindonesia11 ganjar pilih capres 2024 ganjarpranow,senang
moga kode alam payung ganjar pranowo sbg presiden republik indonesia 8 aamiin,senang
mutiaraskin69 ganjar pranowo capres baik ganjarcapres,senang
mutiaraskin69 ganjar pilih capres 2024 ganjarpranow,senang
agung baskoro jokowi nyaman dukung prabowo subianto ketimbang ganjar pranowo semuadukungprabowo neruskepakdh,jijik
ribu masyarakat ntb antusia sambut hadir capres ganjar pranowo ganjarcapres,senang
ganjarpranowo selamat juang calon presiden ganjar pranow,senang
hasil ganjar pranowo pimpin jawa modal bangun indonesia depan ganjarcapres,senang
dekat sahabat ganjar masyarakat jalin ramah kabupaten banyuwangi sosialisasi ganjar pranowo keren ciamik mboi iki lur,senang
ganjar pranowo cinta masyarakat ntb ganjarcapres,senang
jennycantika18 ganjar pranowo bangun indonesia depan ganjarcapres,senang
teri presiden ganjar pranowo gema ntt,senang
ganjar pranowo kolaborasi gen z ganjarcapres,senang
basi dukung jokowi monopoli ganjar pranowo semuadukungprabowo neruskepakdh,marah
nilai prabowo sulit jadi bacawapr ganjar pranowo semuadukungprabowo neruskepakdh,marah
dukung ganjar pranowo cabut semuadukungprabowo neruskepakdh,marah
kode presiden jokowi gamblang tunggu telunjuk jokowi smua yg utara jokowi ganjar pranowo klu yg capresesnya ganjar diendors jokowi suruh mutihin rambut,marah
baik ganjar pranowo ganjarpranowo ganjarcapres ganjarpresiden ganjarpilihanrakyat,senang
warga ntb dukung ganjar pranowo ganjarcapres,senang
ganjar pranowo next presiden ganjarcapres,senang
dukung jokowi ganjar pranowo ganjarpranowo ganjarcapres ganjarpresiden ganjarpilihanrakyat,senang
ganjar pranowo sosok lanjut program presiden jokowi ganjarcapres,senang
asliindonesia11 cilik dukung ganjar maju capres ganjarcapres ganjarkita ganjaruntukindonesi,senang
al ustadz muhammad zainul imam salat ganjarpranowo rombong ziarah makam pahlawan,senang
ganjar pranowo dialog ratus gen z bal acara maju ganjar kebon vintag car bal timnasday wendi modric one piec pagiii bpj ruben neve,senang
pole pilih ri 1 like ganjar pranowo retweet ani baswedan,senang
nongkrong diskusi bareng ganjar pranowo kan program lapak ganjar,senang
istri ganjar pranowo siti atiqoh supriyanti nilai perempuan indonesia orang tangguh wendi gantung plossa bpj one piec bruno mar pagiii timnasday,senang
ganjar pranowo hati ganjar pranowo presiden ri 2024 ganjarpranowo ganjar generasigotongroyong menangkanganjar,senang
iwanf mk ambang bata usia cawapr 35 kabul gibran cawapr prabowo ganjar pranowo dinasti politik kkn juang demokrasi dikadalin rezim tipu tipu muslihat curang,marah
mabar bal ganjarpranowo highlight kolaborasi z partisipasi perintah diskusi santai calon presiden pdip ganjar pranowo generasi z muda bal acara mabar maju ganjar tema kaum,senang
dpw sahabat ganjar jatim ada senandung sholawat doa raih menang ganjar pranowo pilpr wendi gantung plossa pagiii morninggg bpj onad,senang
mutiaraskin69 ganjar pranowo bangun indonesia depan ganjarcapres,senang
mari selesai meja makan selesai meja makan menu istimewa santap bareng istimewa istimewa selamat makan lur,jijik
ganjar pranowo nilai ponpr darunnahdlatin hasil didik formal perempuan majubersamaganjarbangunri,senang
safari politik bal ntb ganjar pranowo merespon masuk radar bacawapr dai sandiaga unu ahi tgb via,senang
ganjar pranowo dialog ratus gen z bal acara maju ganjar kebon vintag car bal onad one piec pontianak axelsen gu muhaimin bruno mar rodri aang,senang
asliindonesia11 pilih ganjar pranowo ganjarcapres,senang
ganjar pranowo bangun indonesia depan ganjarcapres,senang
bukti dekat ganjar pranowo gen z ganjarcapres,senang
ganjar pranowo ajar arti nyali sesunggungnya langsung sang mentor jokowi wajah ekspresi suara intonasi ganjar sadar amp berani yg penting bangsa,terkejut
bal totalita menang ganjar pranowo ganjarcapres,senang
alvaro16273300 fakta data begitun baik nyata era ganjar pranow,marah
anak muda bandung dukung ganjar pranowo ganjarcapres,senang
alumnus unpad jawa barat dukung ganjar pranowo ganjarcapres,senang
ganjar pranowo sambut merah lombok ntb radarjabar disway news nasion berita beritaterkini ganjarpranowo pdip ntb lomboktimu,senang
ganjar pranowo dukung industri kreatif anak mileni gen z maju bangsa ganjarcapres,senang
alumnus unpad dukung ganjar pranowo,senang
maju ganjar pranowo capres 2024,senang
ganjar pranowo temu kalang gen z mileni bal,terkejut
dukung ganjar pranowo capres 2024 ganjarcapres,senang
amat politik nilai nyata adi khawatir jokowi loyal dukung ganjar pranowo infoterkini info beritahariin,senang
ruhutsitompul ganjar pranowo ri1 gibran rakabum yan eth 2224 arb p kalo,senang
upaya sempat didik lua rata ganjar pranowo pimpin peduli generasi muda ambil langkah berani tambah kuota ppdb putus tuju,senang
mabar maju ganjar bukti dekat ganjar pranowo gen z ganjarcapres,senang
ganjar pranowo capres baik ganjarcapres,senang
ganjar pranowo capres pilih rakyat indonesia ganjarcapres,senang
ganjar pranowo dialog gen z mileni bal ganjarcapres,senang
dukung warga ntb ganjar pranowo ganjarcapres,senang
mantap masyarakat ntb menang ganjar pranowo ganjar presiden 2024 ganjarcapres,senang
ribu masyarakat ntb sambut ganjar pranowo ganjar presiden 2024 ganjarcapres,senang
antusia masyarakat nusa tenggara barat sambut datang capres ganjar pranowo ganjar merah ntb rakyat ntb percaya ganjar terus jokowi ganjarpenerusjokowi ganjarmenangtot ntb nusatenggarabarat ganjaruntukindonesiamaju,senang
sama2 muda sama2 wawas lua sama2 tulu sama2 smart beliau dua ganjar pranowo amp erickthohir pasang lengkap tunggu ganjarerickduetterbaik true,senang
kamek warg kalbar pileh prestasiny ganjar pranowo,senang
kamek mileni kalbar mayorita mendukong ganjar pranowo,senang
mimpi kejar siti atikoh sang suami ganjar pranowo,takut
anak mude kalbar semangat untok pileh menang ganjar pranowo,senang
rapat baris ganjar pranowo warga bal ntb,senang
pakai kao warna hijau gubernur ntb zulkieflimansyah temu ganjar pranowo kota mataram temponasion,senang
alumnus universita padjajaran jawa barat dukung ganjar pranowo ganjarcapres,senang
banjir masyarakat rawan ntb hadir ganjar pranowo bukti dukung,senang
dukung ani baswedan tingkat krn rakyat indonesia ubah arah yg dukung ganjar pranowo gugur,senang
mantap plt tum partai ppp muhamad mardiono instruksi wajib sosialisasi tuju menang presiden ri bpk ganjarpranowo yg sdh tetap capres mardiono buka rapimna ppp,senang
dukung alir dera ganjar pranowo,senang
komunita pijar kaum perempuan dukung ganjar pranowo ganjarpranowo ganjarmenangtot ganjarcapres ganjarmajurimakmur ganjarberikesejahteraan ganjarmenang,senang
kalbar dukung ganjar pranowo ri indonesia maju gajarcapres pemilu2024,senang
masyarakat indonesia satu dukung ganjar pranowo capres 2024,senang
ganjar pranowo presiden mileni gen z,senang
kunci entas miskin tingkat sdm masyarakat ganjar pranowo komitmen rang miskin dgn didik grati 2014 smk negeri jateng biaya tanggung pemprov seragam biaya praktek ganjar bangun 3 smkn grati,takut
ganjar pranowo ngeklik mileni gen z,senang
mmargani5 2014 samp 2024 kadrun twittnya model kyak gin utk lampias sakit hati yg peri brlanjut samp 2034 tp sasar ganjar pranowo,marah
warg kalbar percaya ganjar pranowo bise lanjut bangun indonesia ganjarcapres ganjarpranowo ganjarhebat ganjarpresiden2024 kalbarpilihganjar,senang
warga bal lari pagi bareng sang idola bal menang ganjar pranowo timnasday jenni one piec bruno mar vietnam love gisel aang,senang
ganjar pranowo temu tuan guru bajang tgb m zainul majdi ziarah makam pahlawan maulana syaikh lombok nusa tenggara barat ntb ganjarmenangtot,senang
mayorita mileni indonesia dukung ganjar pranowo presiden 2024,senang
rakyat indonesia sabar ganjar pranowo presiden 2024,takut
wajar mileni dukung ganjar ganjar pranowo mileni,senang
tuan guru dukung ganjar pranowo,senang
udah cocok ganjar pranowo terus estafet presiden jokowi,senang
masyarakat dukung ganjar dpw mpg bal sah bentuk menang ganjar pranowo bal,senang
for ganjar pranowo,senang
ganjar pranowo nyata laksana program gubernur ajar smk negeri 2 wonogiri ganjar sedia ak didik grati program gubernur ajar padu didik vokasi,senang
betapa antusia nya anak muda gen z ganjar pranowo one piec spain senin aang,senang
gubernur jawa jateng ganjar pranowo gulir program gubernur ajar salah unggul program fasilita didik grati ajar,senang
alumnus unpad jabar dukung ganjar pranowo ganjarcapres,senang
alumnus ganjar jawa barat dukung penuh ganjar pranowo pimpin pimpin indonesia,senang
ppp sodor nama sandiaga uno cawapr ganjar pranowo maju pilpr 2024,senang
rawan ganjar pranowo dukung ganjarcapres  20 ,senang
thi is bal ribu warga bal antusia dgn datang bacapres ganjar pranowo lapang renon bal ganjar pranowo,senang
bagai sempat jelas jokowi dukung ganjar pranowo rapat kerja nasion pdi juang 6 juni 2023 jokowi yakin ganjar pranowo,senang
kode dukung jokowi ganjar pranowo ganjarcapres day beal sun,senang
ganjar pranowo sosok pimpin yg hau kritik lisa timnasday one piec vietnam love gisel onad bruno mar,jijik
lombok menang ganjar pranowo jisoo newjean vietnam love gisel onad aang aang,senang
indonesia butuh calon presiden ganjar pranowo milik sifat humor dengar sesuai harap masyarakat,senang
dukung ganjar mantap ganjarcapres,senang
sahabat ganjar dukung ganjarcapres,senang
hallo gae nih simak ya poin kembang dunia didik ala ganjar pranowo tiru utk daerah ganjarpranowo,senang
asliindonesia11 capres pilih ganjarcapres,senang
poin ala ganjar pranowo maju dunia didik jawa ak baik dapat guru inovasi teknolog,senang
mutiaraskin69 rawan ganjar pranowo dukung ganjarcapres,senang
terobos ganjar pranowo tuk maju didik jawa sekolah asrama grati gubernur ajar pendidkkan antikorupsi kam inklusif hinhha tingkat kualita didik vokasi sejahtera guru honor,senang
ganjar pranowo kuota ppdb 7920 ppdb jawa wujud komitmen ganjar pranowo perata ak didik jawa tanggulang miskin melslui jalur priorita didik,senang
edyjanto007 firzahusaininc tetep pilih capres baik ganjar pranow,senang
dukung ganjar pranowo capres 2024 ganjarcapres,senang
alumnus unpad nyata dukung ganjar pranowo,senang
pilih ganjar pranowo ganjarcapres,senang
larismi11 indonesia maju pimpin presiden jokowi lanjut ganjar pranowo presiden,senang
ntb dukung ganjar pranowo ganjarcapres,senang
maju bareng ganjar pranowo ganjarcapres,senang
gae netizen geruduk akun instagram ganjar pranowo indonesia batal tuan rumah pildun,marah
alumnus universita dukung ganjar pranowo ganjarforpresiden2024,senang
tolakpelanggarham tolakpolitikidentita generasi z presiden humor dengar erti harap ganjar pranowo,takut
dennysiregar7 cemana ni bang,marah
rapat baris ganjar pranowo viral semangat keren,senang
kpop pa ganjar pranowo idola anak muda keren nih sob yuk tonton ganjaruntuksemua lanjutkanbersamaganjar,senang
warga ntb dukung ganjar pranowo ganjarcapres ganjarpilihanterbaik ganjarbawakemajuan ganjarpresiden2024 ganjarpresiden,senang
ntb dukung ganjar pranowo ganjarcapres ganjarpilihanterbaik ganjarbawakemajuan ganjarpresiden2024 ganjarpresiden,senang
ganjar mantap alumnus unpad nyata dukung ganjar presiden 2024 ganjarcapres ganjarpranowo viral fyp skecher vietnam love gisel one piec axelsen uefa nation leagu gu muhaimin hello futur newsingleforsalma,senang
tuan guru haji hazmi hamzar doa ganjar tetes air mata air mata tuan guru haji tgh hazmi hamzar net doa ganjar pranowo presiden 2024 ganjar silaturahmi kantor dpw ppp ntb minggu suara getar,sedih
berani nyali wajah garang intonasi bicara wajah tenang pikir jernih ambil putus indonesia ganjar pranowo nilai milik kriteria pakdementorganjar,terkejut
habib syarif razi habaib habib ahmad alaydru habib husein muhdor al muhdar sama lantun doa salawat ganjarpranowo ri 1 2024 yg gabung dlm saga sahabat ganjar allahumma shollu alaih,sedih
ganjarpranowo ganjar pranowo presiden 202,senang
pagi ribu warga bal sambut ganjar pranowo lapang renon bal,senang
pencapresesan 2024 2 lolo yapitu ganjar pranowo prabowo subianto yg penuh sarat 2 kandidat yg tarung wawas bangsa lanjut bangun yg indonesia,senang
hadir ganjar langsung sambut antusia warga bal gubernur bal i wayan koster kena baju merah lambang pdip sambut datang ganjar pranowo,senang
90 dukung ganjar pranowo ganjarcapres,senang
ganjar lanjut bumi ajar sabar pimpin sabar muncul trust percaya ganjar pranowo,senang
semangat merah bara masyarakat lombok menang ganjar pranowo blacklist tukeran kiboy wanwan gu muhaimin axelsen erina markhyuck jaya jaya jaya fisika tudum karina kingtheland ganjarpranowo ganjarmenangtot lombok ganjaruntuksemua capreses2024,senang
insha allah masyarakat ntb mayorita dukung ganjar pranowo blacklist tukeran kiboy wanwan gu muhaimin axelsen erina markhyuck jaya jaya jaya fisika tudum karina kingtheland ganjarpranowo ganjarmenangtot ntb ganjarsatukanrikuat ganjarpilihanterbaik capreses2024,senang
gengsi jaga lingkung,marah
ganjar pranowo pimpin sejahtera rakyat,senang
ganjar serbu ribu warga bal sambut lapang renon bal datang ganjar pranowo hadir acara creativ fun walk lapang lokasi pers kantor gubernur bal wayan koster,senang
ganjar pranowo pimpin idam kalang,senang
ganjar pranowo pimpin idam rakyat indonesia,senang
ribu masyarakat ntb antusia sambut ganjar pranowo,senang
ganjar pranowo presiden ri 2024,senang
warga ntb dukung ganjar pranowo,senang
ayikmz mencarisejati28 aniesbaswedan tyrexmaximu iya ganjar pranowo nonton bokep hobi,marah
moga besok senin berita kejut gu muhaimin gu imin masuk radar cawapr ganjar pranowo lanta lanjut netizen gelar tiket yuk seru nih erina tukeran honda pontianak lombok,takut
ntb dukung ganjar pranowo,senang
ganjar pranowo mobil fatmawati terawang indigo,terkejut
ganjar pranowo dukung industri kreatif anak mileni ganjarcapres ganjarpilihanterbaik ganjarbawakemajuan ganjarpresiden2024 ganjarpresiden,senang
ketua dpd pdip ntb rachmat hidayat provinsi syukur pilih ganjar pranowo pilpr 2024,senang
bal with ganjar pranowo mentari pagi sari lapang renon serta senyum mere ganjarpranowo yg sambut hangat warga ganjar spesial bkan sehat badan tp jg membungahkan hati warga amp yg pandang menangkanganjar,senang
ganjar pranowo taat atur bawaslu aman ya gak langgar atur menangtot 2024menangtot tag jenni demonslay jisoo aang morningg axelsen sore one piec kingthelandep2 bongkarkasusancol lovestori bobbi jeon wonwoo gu muhaimin,marah
ganjar pranowo no aniesbaswedan ye,jijik
ganjar pranowo capres idam rakyat suka kalang,senang
acara temu budaya indonesia raya sambut koster ajak bupati n wali kota pulau bal menang capres pdip ganjar pranowo absen bupati walikota cc aniespresidenrakyatwara aniespresidenrakyatwara,senang
ganjar pranowo ajak kelola bangsa,terkejut
satu rawan satrel ganjarist jakarta selatan dki deklarasi ganjarpranowo bacapres mantap ganjarist optimi ganjar pranowo menang,senang
masyarakat ntb sambut gembira hadir ganjar pranowo bukti ganjar cinta rakyat mana menangtot 2024menangtot tag jenni jisoo onad demonslay one piec kingthelandep2 jeon wonwoo lisa seeyouinmy19thlif theuncannycounter2 axelsen junkyu pledi aang,senang
alumnus unpad nyata dukung ganjar pranowo presiden ri,senang
ganjar pranowo cinta masyarakat ntb ganjarcapres bruno mar lisa tvri iphon 14 gint kingthelandep1 jungkooki yeonjun namjoon gantung plossa,senang
kunjung ntb ganjar pranowo sapa rawan dukung lapang nasion lombok lapang nasion lombok ganjar pranowo rendah hati dengar cerita alam rawan dukung,senang
ganjar pranowo puji sosok tgb kenal dpr gubernur ganjarpranowo,senang
dongeng ganjar pranowo baik gaji honor jawa bijak gaji yg sesuai umk guru yg bantu bijak yg laku ganjar pranowo gaji honor baik kualita didik,marah
mantap dukung ganjar pranowo capres idam rakyat,senang
puluh ribu penguru kader simpatisan pdip temu bacapres pdip ganjar pranowo lapang nasion selong lombok timur konsolidasi akbar rawan ganjar sindonew news,senang
poin tuk kembang dunia didik ala ganjar pranowo ak didik rata penetapam umk guru pegawai honor lingkung didik inovasi teknolog dunia didik,senang
sandiaga uno dekat kalang muda modal pilih ganjar pranowo,jijik
yunartowijaya pimpin inga rasa damai nya bawah pimpin presiden jokowi rusa terang tidaaaaaaak butuh sang peneru kalem ramah congkak jiwa asih ganjar pranow,marah
asyiapp mba,jijik
hobahhhh gaskeun ganjar dukung ganjar santuy hoak fitnah ganjar pranowo hati salam metal,marah
atikoh ganjar pranowo pesan khusu perempuan indonesia perempuan kuat ajar lupa bahagia pesan singkat makna kaum hawa dengar,senang
cnnindonesia terang klo dukung prabowo jd percaya dech sdh 2x kalah pilpr klo kalah u tiga klnya hati jd malumaluin aja mend dukung ganjar pranowo dech yg sdh lanjut kerja jokowi suka kerja jokowi lumayan,jijik
anak bandung dukung ganjar pranowo,senang
dialog perempuan indonesia pilih ganjar pijar rumah aspirasi rawan menteng atiqoh cinta produk negeri tuju utk beranta miskin,senang
kopi malang daerah amstirdam ampelgad sumbermanj tirtoyudo dampit ken dg citra yg kha dunia fokus kopi rawan cangkir kopi nusantara malang selatan menang ganjarpranowo,senang
mediaindonesia ketawa bro jd kasihan lihat org ganjar pranowo prestasi jateng terus kerja jokowi sdh tarik hati org tp loe dgn prestasi dki doang 100 malu lanjut kerja jokowi loe dibenc org,marah
sambut warga ntb ganjar pranowo lepa jokowi effect kali kalah berturut2 tp jokowi bangun ntb tanda terimakasih dukung capres pdip,senang
ganjar pranowo dukung bulli capres myganjar ganjarpranowo ganjar ganjarforpresident2024,senang
salah beda berita dukung pd ganjarpranowo amp abud klw ganjar berita jendral dukung ganjar dukung ganjar klw abud berita teror amp ex hti dukung abud gmn,jijik
hushbear40 netipedia ganjar pranow,marah
dekat ma ganjarpranowo tgb masyarakat lombok harap inspirasi warga ntb pilih presiden peneru jokowi,senang
logistik dalem prabowo ani baswedan sandiaga uno kubu ganjar pranowo udah paham,jijik
dpw sahabat ganjar jatim ada senandung sholawat doa raih menang ganjar pranowo pilpr onad bruno mar axelsen pontianak bt is back gint one piec,senang
anak muda bandung dukung ganjar pranowo presiden ri 2024,senang
dukung ganjar pranowo capres ri 2024 ganjarcapres,senang
ani top pilih ani pimpin berani putra tomo pranowo bicara adil komitmen rakyattolakpemilutertutup rakyattolakpemilutertutup,terkejut
warga ntb dukung ganjar pranowo presiden 2024 ganjarpranowo ganjarcapres ganjarpresiden ganjarmenangtot ganjarpilihanrakyat presiden2024 ganjarpresiden2024 pilpres2024 pemilu2024,senang
ganjar pranowo dukung industri kreatif anak mileni gen z maju bangsa ganjar pimpin indonesia,senang
dukung ganjar pranowo presiden ganjarcapres,senang
alumnus universita padjadjaran dukung ganjar pranowo ganjarcapres,senang
dukung ganjar pranowo presiden 2024 ganjarcapres,senang
dukung ganjarpranowo makkkk wuzzzzz ganjar lampung gabung gelar deklarasi rawan utk menang ganjar pranowo presiden ri,senang
ganjar pranowo figur pimpin masuk kalang sosok muda humor santuyi sesi gen z bikin suasana cair ganjaruntuksemua lanjutkanbersamaganjar,senang
damping tuan guru bajang muhammad zainul majdi ganjar pranowo interaksi dg gen z lombok ntb sesi foto2an selfienya lewat,senang
ganjar pranowo indonesia ema 2045 capai ganjarpranowo ganjarcapres ganjarpresiden ganjarmenangtot ganjarpilihanrakyat presiden2024 ganjarpresiden2024 pilpres2024 pemilu2024,senang
kaum mileni gen z dukung ganjar pranowo presiden 2024 ganjarpranowo ganjarcapres ganjarpresiden ganjarmenangtot ganjarpilihanrakyat presiden2024 ganjarpresiden2024 pilpres2024 pemilu2024,senang
alumnus unpad nyata dukung ganjar pranowo presiden 2024 ganjarpranowo ganjarcapres ganjarpresiden ganjarmenangtot ganjarpilihanrakyat presiden2024 ganjarpresiden2024 pilpres2024 pemilu2024,senang
alumnus universita padjajaran jawa barat dukung ganjar pranowo presiden 2024 ganjarpranowo ganjarcapres ganjarpresiden ganjarmenangtot ganjarpilihanrakyat presiden2024 ganjarpresiden2024 pilpres2024 pemilu2024,senang
warga bal dukung ganjar pranowo presiden 2024 ganjarpranowo ganjarcapres ganjarpresiden ganjarmenangtot ganjarpilihanrakyat presiden2024 ganjarpresiden2024 pilpres2024 pemilu2024,senang
ganjar pranowo peneru presiden jokowi ganjarpranowo ganjarcapres ganjarpresiden ganjarmenangtot ganjarpilihanrakyat presiden2024 ganjarpresiden2024 pilpres2024 pemilu2024,senang
alumnus unpad dukung ganjar pranowo presiden 2024 ganjarpranowo ganjarcapres ganjarpresiden ganjarmenangtot ganjarpilihanrakyat presiden2024 ganjarpresiden2024 pilpres2024 pemilu2024,senang
90 persen anak muda bandung dukung ganjar pranowo presiden 2024 ganjarpranowo ganjarcapres ganjarpresiden ganjarmenangtot ganjarpilihanrakyat presiden2024 ganjarpresiden2024 pilpres2024 pemilu2024,senang
calon presiden bacapres ganjar pranowo ajak suami kasih sayang pasang sindonew news,senang
bagi2 sembako rawan ganjar pranowo ricuh lampung utara koalisibonekaistana koalisibonekaistana,marah
partai satu bangun ppp percaya figur menparekraf sandiaga uno penuh kriteria calon wakil presiden cawapr ganjar pranowo sindonew news,marah
serius org mw dijadiin cawapr ganjarpranowo doa airin tuh moga org gk jd cawapr ganjarpranowo kasi partai amp gp kewalahan utk jwb prtnyaan org tingkah konyol org,jijik
tgh tetes air mata doa ganjar pranowo presiden,sedih
erickthohir cawapr teras joss duet ganjar pranowo ganjarerickduetterbaik,terkejut
setyaki22965702 ryu53944310 ganjarpranowo mantap banget ganjar pranowo presiden peneru kerja presiden jokowi rampung indonesia maju sejahtera,senang
ganjar pranowo calon presiden baik ganjarcapres,senang
knp dengar nama uno yg ad dpikiran gw tampil debat it setip atm halal mandi lumpur bu li yg gk dicov bpj nurjanah yg tinggal ad yg msi halu uno in,marah
alumnus unpad nyata dukung ganjar pranowo ganjarcapres ganjarpilihanterbaik ganjarbawakemajuan ganjarpresiden2024 ganjarpresiden,senang
dukung ganjar pranowo alir dera kalang komunita ganajrcapres,senang
jokowi ganjarpranowo ganjar pranowo bawa indonesia man,senang
jokowi ganjarpranowo ganjar pranowo the next presid,senang
bungkustukang ganjarpranowo ga polllll ganjar pranowo presiden peneru kerja presiden jokow,senang
subur0204 iyusrusliadi73 ganjar pranowo harga mati nkri harga mati salam wara,senang
jhonnisinaga20 ganjarpranowo inti pilih ganjar pranowo bere,senang
masyarakat 90 dukung ganjar pranowo,senang
rstmbcl ganjarpranowo ganjar pranowo presiden peneru kerja presiden jokowi cepat prose bangun ikn nkri harga mati ani rasyid baswedan minat,senang
dukung alir ganjar pranowo sang presiden ganjarcapres,senang
eksklusif ganjar pranowo maju calon presiden beritasat,senang
warga rawan ganjar sambut riah datang ganjar pranowo ntb,senang
ganjar pranowo pimpin pidato kunjung marka dpw ppp ntb hadap penguru kader ppp ganjar bagi kesan politik lalu pdiperjuangan 50tahunpdip bangunlahjiwadanbadannya solidbergerak menangkanganjar,senang
hansssolo preeeet akal2an dukung capres abadi narik dukung ganjar pranow,marah
mayorita warga ntb rapat dukung penuh ganjar pranowo ganjarcapres,senang
anak muda antusia sambut ganjar pranowo,senang
alumnus unpad dukung ganjar pranowo presiden 2024,senang
survey ani yg buncit serang uji poll buka ganti nama ani sandal jepit tentu pilih sandal jepit retweet ganjar pranowo like prabowo subianto,marah
bal menang ganjar pranowo,senang
mhdyusufhandok1 jokowi bentar pensiun yg gantiin ya ganjar pranowo,senang
ganjar pranowo pimpin indonesia 2024,senang
ganjar pranowo dukung kalang,senang
dukung masyarakat bal ganjar pranowo ganjarcapres ganjarpranowo jokowi milu ganjarcapres ganjarcapresespdip ganjarcapreses2024 ganjarcapres indonesiamaju,senang
masyarakat bal dukung ganjar pranowo presiden ganjarcapres ganjarpranowo jokowi milu ganjarcapres ganjarcapresespdip ganjarcapreses2024 ganjarcapres indonesiamaju,senang
poll yuk biar rekayasa rakyat indonesia pilih salah capres favorit tunjuk capres pilih benar2 raih suara prabowo like ani baswedan retwit ganjar pranowo komen pollingcapres capreses2024,senang
dukung ganjar pranowo for presiden indonesia 2024 ganjarcapres ganjarpranowo jokowi milu ganjarcapres ganjarcapresespdip ganjarcapreses2024 ganjarcapres indonesiamaju,senang
dukung warga ntb ganjar pranowo ganjarcapres salmasalsabil gu muhaimin onad iphon 14 pontianak axelsen aang one piec,senang
antusiasm masyarakat ntb sambut ganjar pranowo ganjarcapres salmasalsabil gu muhaimin onad iphon 14 pontianak axelsen aang one piec,senang
warga ntb dukung ganjar pranowo ganjarcapres salmasalsabil gu muhaimin onad iphon 14 pontianak axelsen aang one piec,senang
pekik ganjar pranowo presiden gema lapang nasion selong lombokitaid,terkejut
ganjar pranowo sapa ribu masyarakat lombok timur lapang nasion ntb penuh hangat menangkanganjar generasigotongroyong sahabatganjar ganjarpranowo ganjar,senang
minggu 18 juni 2023 suasana penuh hangat sama liput lapang nasion ntb ganjar pranowo sapa ribu masyarakat lombok timur ada ganjar masyarakat lombok timur lapang nasion bukti nyata,senang
ajak puan masuk poro ubah ambyaaarr ganjar pranowo,marah
detikcom tohir ani baswedan puan maharani ganjar pranowo ahi cebong kampret autobingung cebong kampret auto akur oligarki tertawa,marah
pasang gaet idam amat mileni nilai unggul erickthohir bidang ekonomi bisni lengkap posisi capres ganjar pranowo politis tulen gaspol erick ganjar ganjarerickduetterbaik,senang
gak sabar nunggu ganjar pranowo presiden 10 genap 20 sakit,senang
amat politik uph emru sihomb sebut unggul erick thohir dunia ekonomi bisni lengkap ganjar pranowo birokrat politis tulen piawai pimpin bumn nilai erick thohir ganjarerickduetterbaik gantung plossa,senang
jabar deklarasi dukung ganjar pranowo bacapres 2024,senang
cocok presiden pk presiden indonesia biar ganjar pranowo aj,senang
calon presiden capres pdip ganjar pranowo hadir resepsi nikah putri politiku senior pdi juang aria bima the dharmawangsa jakarta kebayoran jakarta selatan minggu malam sindonew news,senang
yg sungguh elektabilita yg sbg capres pdip puan maharani retweet ganjar pranowo like,marah
hadir acara dinas penandatanganan kerjasama bidang seni sanur ganjar pranowo sempat ikut undang jalan sehat lapang renon ribu orang sambut beliau,senang
kereeen gubernur jawa ganjar pranowo jalan sehat bareng masyarakat grobogan rangka ingat lahir pancasila kabupaten grobogan even yg hadir puluh ribu masyarakat ronaldo axelsen onad innalilahi mandalika onic ronaldo tomcat,senang
romeowalker19 presiden pk cocok presiden indonesia ganjar pranowo aj,senang
terobos ganjar pranowo sempurna sekolah virtual warga miskin difabel iphon 14 onad gint ronaldo onic indonesiaopen2023,terkejut
thalomoan1 ganjar pranowo peneru pakdh jokowi,senang
calon menang ganjar pranowo,senang
ingat hut ganjarist ketua ganjarist torut menang ganjar pranowo presiden ri,senang
lihat video ganjar pranowo tiktok,jijik
ganjar pranowo dorong ekonomi sirkular implementasi misi presiden joko widodo gubernur jawa ganjar pranowo upaya wujud ekonomi sirkular jateng jalan salah misi perintah presiden joko widodo,senang
abaaah test lembaga survey undang istana milik hasil nilai dng pool random twitter ani baswedan prabowo rt ganjar pranowo like cc bangediii kafiradikali doktertif,takut
ketua dpw partai satu bangun ppp ntb muzihir aku bahagia kantor partai kunjung langsung ganjar pranowo beliau ganjarpranowo tang pilih presiden pilpr 2024,senang
ganjar pranowo syukur sowan sangu restu moga kuat semangat ganjarpranowo,senang
hadir ganjar sambut rawan berswafoto rawan rebut foto gubernur jawa ganjar pranowo,senang
bener banget bu atiqoh ganjar pranowo belanja produk umkm tinggal langsung gerak ekonomi otomat daya beli jaga menjngkat cakep smart nih nyuwun sewu,senang
alam usia muda cawapr ganjar pranowo,senang
rapat baris ganjar pranowo sambut riah warga rawan ntb ganjarpresiden ganjarcapreses2024,senang
konsolidasi menang pilpr 2024 ntb ganjar pranowo kairi blacklist tukeran kiboy gu muhaimin axelsen onic,marah
silaturahmi dpw ppp ntb ganjar pranowo kairi blacklist tukeran kiboy gu muhaimin axelsen onic,marah
sambur riah rawan ganjar lombok ganjar pranowo kairi blacklist tukeran kiboy gu muhaimin axelsen onic,marah
rawan ganesa ntb tunggu datang capres baik ganjar pranowo lombok timur ntb menang pdi juang perindo hanura ppp serta kuat rawan ganjar pranowo semangat kawan everyon ganesa ganjaruntukindonesiasatu,senang
faktor adi cema jokowi jalan dukung ganjar pranowo presiden,senang
ntb ayooo dukung pilih ganjar pranowo presiden ganjar menang indonesia gemilang ganjar menang total ganesantb ganesa ganjaruntukindonesiasatu,senang
calon presiden ri ganjar pranowo sepeda soekarno 83 ketua penguru anak cabang pac pdi juang sumbawa soekarno salah tokoh gaek pdi juang sumbawa sindonew news,senang
rawan ganjar indoneaia ntb ganesa memerihakan acara silaturohmi capres ganjar pranowo kantor dpd pdi juang ntb kota mataram lapang nasion selong kab lombok timur,senang
gertak pdip utk koalisi perobahan ani cepat pilih ahi utk cawapr gertak jebak cepat tentu siap yg pilih jd calon wakil timbang pdip tentu sesuai cawapr ganjar pranow,takut
dukung warga jateng jatim ganjar pranowo 2024 alir,senang
pokok yg baik yaa ganjar pranowo org tau pakdementorganjar,senang
ganjar pranowo imam aja,marah
ganjar pranowo target menang 51 persen suara ntb blacklist axelsen tukeran kiboy erina gg onic gu muhaimin wanwan yoshi junkyu ekonomi fisika,marah
ganjar pranowo ajak kader pdip raih menang ntb blacklist axelsen tukeran kiboy erina gg onic gu muhaimin wanwan yoshi junkyu ekonomi fisika,marah
ganjar pranowo silaturahmi dpw ppp ntb blacklist axelsen tukeran kiboy erina gg onic gu muhaimin wanwan yoshi junkyu ekonomi fisika,senang
survei bukti ganjar pranowo pimpin indonesia kerja ganjar bukti warga negara ganjar baik,senang
romeowalker19 agu pintar gabung pdip cawapr pa biar ganjar pranowo menang presiden ahi menteri biar alam kerja perintah tpi klu ag dukung ani psti klh dn opsi lg,takut
safari politik ntb ganjar pranowo sambang marka dpw ppp nusa tenggara barat datang ganjar pranowo sambut hangat kader partai logo kalung selendang kader partai kunjung ganjar harap kolaborasi,senang
kalung sorban kha ppp ganjar pranowo hadir kantor dpw ppp ntb ganjar pranowo partai logo sahabatganjar ganjarpranowo ganjar menangkanganjar generasigotongroyong,senang
ribu simpatisan sahabat ganjar mengaw datang ganjar pranowo kabupaten lombok timur minggu masyarakat lengkap atribut dukung pasti lewat momen temu sang calon presiden sambut,senang
ganjar dukung alih ganjar pranowo bukti ganjar pimpin indonesia,senang
calon presiden ri ganjar pranowo tekan kader penguru pdi juang ntb hasil baik presiden joko widodo masyarakat ntb sindonew news,senang
ganjar pranowo pilih rakyat indonesia blacklist pontianak axelsen kiboy honda erina tukeran wanwan besok senin choi seungcheol aang kairi worst concert gu muhaimin gg onic yoshi,marah
narasi kecuali jegal ani ulang ulang cm biar exi dimedso sdh alami buntu tau yg tampil sosok ani baswedan yg elektabilitasnya terjun beba ganjar pranowo menang 1 putar,terkejut
ganjar pranowo langsung tinjau baik sekolah komitmen blacklist bruno mar kairi erina kiboy worst concert pontianak tukeran axelsen choi seungcheol wanwan aang honda markhyuck jaya jaya jaya besok senin gg onic,senang
alfatih212426 yg tau kalo ganjar pranowo d dukung tukang sebar berita hoax jhonnisinaga2,marah
ratus kader pdip lombok amp masyarakat riuh sambut capres ganjar pranowo bandara lombok jokowi moga ganjar kelak menang lanjut cepat bangun ntb yg canang presiden jokowi,senang
sandiaga uno nilai cawapr jiwa muda tuga aspirasi generasi muda juang selara visi calon presiden besut pdi juang ganjar pranowo,senang
setyaki22965702 ganjarpranowo bpk ganjar pranowo lanjut mantap,senang
ganjar pranowo lombok internasion airport nusa tenggara barat datang calon presiden rambut putih langsung serbu ratus warga rawan sahabat ganjar sahabatganjar,senang
pimpin ganjar pranowo moga lanjut estafet pakdementorganjar,senang
ballambinlov yulham rekam jejak ganjar pranowo 2 period jateng,marah
kmer212 bbrp dedengkot diri bara jp yg dukung ganjar pranowo,marah
rela rumah ajar guru honor motor ganjar aulia rizkia rahmawati guru honor sdn 1 karangwad camat tawang grobogan hadiah motor gubernur jawa ganjar pranowo hadiah aulia,senang
mari dukung ganjar pranowo pilpr 2024 ganjarcapres,senang
mantap ganjar pranowo dukung alumnus unpad ganjarcapres,senang
respon cepat adu aplikasi laporgub ganjar pranowo langsung tinjau baik sekolah komitmen gg onic erina axelsen besok senin tukeran honda pontianak blacklist aang tolol bruno mar kiboy ducati al hilal gu muhaimin yoshi,senang
mas ntb temu ganjarpranowo datang ganjar pranowo sambut sorak sorai nusa tenggara barat rawan sahabat ganjar warga semangat menangkanganjar generasigotongroyong sahabatganjar,senang
buka erickthohir damping ganjar pranowo kontestasi demokrasi berkat negosiasi pan pdip ganjarerickduetterbaik,senang
erick thohir pimpin oleh hasil survei lembaga survei erick thohir cawapr favorit ganjar pranowo oleh dukung kalah mahfud md ahi ridwan kamil ganjarerickduetterbaik,senang
erick thohir gaet suara jawa duet ganjar pranowo nilai potensi menteri bumn erickthohir pasang potensi kuat pilpr duet duet isi ganjarerickduetterbaik,senang
calon presiden capres ganjar pranowo dukung indonesia capres kontestasi pilpr 2024 sindonew news,senang
video jokowi bilang sila maki sila hina suka harap tahu henti utk bangun negeri sosok bilang plonga plongo kuru kere ceke motivasi idola ganjar pranowo,marah
si kutu loncat calon calon wakil ganjarpranowo doa moga gak wujud,jijik
suasana haru ganjar pranowo kunjung kantor dpw ppp ntb minggu doa ganjar air mata tuan guru haji tgh hazmi hamzar net sindonew news,sedih
calon presiden bacapres pdi juang pdip ganjar pranowo aku kagum pondok pesantren darunnahdlatain nwdi pancor lombok timur nusa tenggara barat ntb sindonew news,terkejut
kuat negara ganjar pranowo percaya rakyat kpd pimpin ganjar sabar tampung inspirasi aspirasi ekspresi masyarakat sukses ganjar buah sabar ganjaruntukindonesiamaju,senang
rawan santri dukung ganjar ajak santri doa latih ekonomi kreatif santri kripik singkong pondok pesantren rhodotul uqul ganjarforpresident2024 santridukungganjar ganjarpilihanrakyat,senang
mudah mudah ntb menang ganjar pranow,senang
kmer212 ganjarpranowo ratus kader indramayu asli kader nasdem danberalih perindo dukung ganjar pranowo,senang
nampaknya satu2nya capres yg dukung alas hasil ganjar pranowo salut utk rawan ganjar pranowo dlm ganjar terobos utk hasil rakyat jawa kenegarawanan hadap resesi globa,senang
ayo satu baris dukung ganjar pranowo for presiden 2024 ganjarbawakemajuan ganjarfor2024 dukungganjar,senang
rapat baris ganjar pranowo ganjarbawakemajuan ganjarfor2024 dukungganjar,senang
calon presiden bacapres pdi juang pdip ganjar pranowo kagum pondok pesantren darunnahdlatain nwdi pancor lombok timur nusa tenggara barat ntb sahabatganjar ganjarpranowo ganjar menangkanganjar generasigotongroyong,terkejut
capres pdi juang ganjar pranowo sebut partai ppp partai istimewa sikap politik partai lambang kakbah tentu helat politik nasion sahabatganjar ganjarpranowo ganjar menangkanganjar generasigotongroyong,senang
calon presiden capres pdip ganjar pranowo aku kagum indah alam lombok nusa tenggara barat ntb salah yg blm wujud lombok daki gunung rinjani sahabatganjar ganjarpranowo ganjar menangkanganjar generasigotongroyong,terkejut
ganjar pranowo pimpin sabar sahabatganjar ganjarpranowo ganjar menangkanganjar generasigotongroyong,senang
komunita crypto indonesia ganjarpranowo milik hold ganjar tunjuk dukung ganjar pranowo presiden indonesia price chart buy from pancak swap,senang
salawat kumandang sambut datang ganjar pranowo kantor dpw ppp ntb,senang
dukung gari kera padeh ganjar pranowo masmen bumn erick suara dua tokoh bangsa calon pimpin baik mengggantikan padeh jokowi lanjut program kerja bangun,senang
ayo brsama dukung ganjar pranowo the next presiden ri ganjarcapres,senang
ganjar pranowo yg ganti jokowi mendkung ganjar sosok pimpin yg cinta rakyat ganjarcapres,senang
alumnus unpad nyata dukung ganjar pranowo dkungan ganjar sbg capres 2024 smakin kuat ganjarcapres,senang
alumnus muda unpad ganjar pranowo sosok pimpin berani komunikatif peduli luw,senang
pilih rakyat yg asli anak pribumi nusantara yai ganjar pranowo yg peneru jokowidodo yg klopun yg asli pribumi ahli capres ngerecokin aja bodoh goblok,marah
mabar maju ganjar ganjarcapres,senang
mutiaraskin69 hasil ganjar pranowo pimpin jawa modal bangun indonesia depan ganjarcapres,senang
bacapres pdip ganjar pranowo temu puluh ribu gemar ntb,senang
asliindonesia11 hasil ganjar pranowo pimpin jawa modal bangun indonesia depan ganjarcapres,senang
jennycantika18 dukung warga ntb ganjar pranowo ganjarcapres,senang
asliindonesia11 ganjar pranowo next presiden ganjarcapres,senang
mutiaraskin69 pilih ganjar pranowo ganjarcapres,senang
asliindonesia11 ganjar pranowo bangun indonesia depan ganjarcapres,senang
asliindonesia11 ganjar pranowo capres baik ganjarcapres,senang
ribu simpatisan sahabat ganjar mngawal datang ganjar pranowo kabupaten lombok timur minggu masyarakat lengkap atribut dukung pasti tdk lewat momen temu sang capres sahabatganjar ganjarpranowo ganjar menangkanganjar,senang
jennycantika18 hasil ganjar pranowo pimpin jawa modal bangun indonesia depan ganjarcapres,senang
jennycantika18 pilih ganjar pranowo ganjarcapres,senang
jennycantika18 ganjar pranowo capres baik ganjarcapres,senang
ucap adlh doa amp ucap yg hr negara sbesar indonesia hr dpimpin org yg mncintai agam org yg rawat kebhinekaan krn indonesia trdiri dri brbagai suku agama amp adat istiadat bkn dpimpin sm org yg robek tenun kbangsaan,takut
moga orang ntb pilih ganjar pranowo petuga partai pdip jokowi,senang
alumnus universita padjadjaran dukung ganjar pranowo,senang
gen z mileni ganjar pranowo capres 2024 ganjarcapres,senang
ganjar pranowo ketar tir,takut
ganjar pranowo presiden 2024 pilih rakyat ganjarcapres,senang
ganjar pranowo presiden ganjarcapres,senang
lapang nasion lombok timur nusa tenggara barat ntb merah sambut hadir calon presiden capres ganjar pranowo minggu sore sindonew news,senang
warga rawan ganjar pranowo ntb rapat baris dukung ganjar pranowo presiden 2024 ganjarcapres,senang
ganjartanggungjawab ganjarpranowo tanggung bunuh jawa ganjar presiden boneka ganjarcapreses2024 ganjarmenang,marah
bacapres ganjar pranowo pdip tingkat dpd dpc rant anak rant gerak upaya menang aspek kecil mengaw suara tingkat tp milu 2024 ganjarforal ganjarpranowo menangkanganjar generasigotongroyong,senang
tolakpelanggarham tolakpolitikidentita generasi z presiden humor dengar erti harap ganjar pranowo,senang
ganjar bawa berkah bal totalita menagkan ganjar pranowo,senang
amat nilai unggul menteri bumn erick thohir ekonomi bisni lengkap ganjar pranowo politis tulen erickthohir ganjarerickduetterbaik,senang
warga rawan ntb rapat baris sambut ganjar pranowo ganjarcapres,senang
ganjar pranowo dgn pilih ganjar hapu kenang pahit bangsa dgn pilih ganjar menghapu sedih keluarga korban jahat jahat ham berat pilih bicara layak,sedih
ganjar pranowo pilih,senang
asliindonesia11 mabar maju ganjar ganjarcapres,senang
jennycantika18 ganjar pranowo next presiden ganjarcapres,senang
anak muda bandung 90 dukung ganjar pranowo ganjarcapres,senang
jokowi baik ganjar pranowo pilih baik udah gitu aja si,senang
ribu warga serbu ganjar bal bule kejar selfi ganjar pranowo magnet warga bal kunjung pulau dewata sabtu mana ganjar rebut warga salam foto,senang
mutiaraskin69 mabar maju ganjar ganjarcapres,senang
rekam jejak kali pilih dpr kali pilih gubernur jawa alam ganjar pranowo,senang
rinaldelapanen2 hancur akhlak umat minum itu akhlaq mu hancur total juriyah nabi sanggup qm fitnah kau tau ganjar pranowo banyak istighfar bos,marah
tau mar ganjar ganjar pranowo lirik lagu lirik si rambut putih mari joget serasi gera ayo sama suara ma ganjar indonesia bulat tekad satu suara pilih si rambut putih,senang
suka ajar woooowoooo cah lanang deh besok le tambah capres ganjar pranowo iki bos qu rakyat rakyat amp rakyat ganjar peneru jokowi ganjarpranowo semarang,senang
ganjar pranowo doa presiden,senang
ganjarpranowo peneru jokowi cocok ganjar pranowo kandidat capres yg pa indonesia ganjaruntuksemua lanjutkanbersamaganjar,senang
masyarakat ntb dukung ganjar pranowo presiden ri,senang
tutor cari prestasi gubernur jawa ganjarpranowo mudah klik ketik prestasi ganjar pranowo medium mainstream muncul tolong link ya khawatir tersepona,senang
ganjar pranowo next ramal dennysiregar7 turut pimpin aura kuat gak tolak kera apa orang singkir,senang
dukung ganjar pranowo presiden ri 2024 makganjarofc makganjar makganjarntt makganjaruntukpakganjar ganjarpresiden2024 ganjarforpresident2024,senang
gdanjar pranowo lanjut aktivitas ari bal lombok terbang pesawat komersil aja gak beneran sambut warga lombok rebut salam selfi bareng,marah
rapat baris ganjar pranowo sambut riah warga rawan ntb ganjar sosok pimpin,senang
turut kandidat capres gadang maju pilpr 2024 ganjar pranowo ani baswedan putra baik bangsa tuga partai politik maju calon presiden,senang
kakekhal cara promosi ku jamin ganjar pranowo presiden r,jijik
ganjarpranowo kawal ganjar pranowo presiden,senang
mutiaraskin69 dukung warga ntb ganjar pranowo ganjarcapres,senang
ribu masyarakat ntb antusia sambut hadir capres ganjar pranowo,senang
ganjarpranowo satu kuat ganjar pranowo,senang
gas menang ganjar pranowo,senang
simulasi 3 capres kompa ganjar 40 persen kalah prabowo ani survei nasion litbang kompa simulasi nama capres catat elektabilita gubernur jawa ganjar pranowo unggul banding ketua gerindra prabowo subianto mantan,senang
jennycantika18 mabar maju ganjar ganjarcapres,senang
cintada16 goyah pilih ganjar pranow,takut
thet4ntrys1 ganjarpranowo mantap ganjar pranowo peneru jokowi,senang
warga bal allout dukung ganjar pranowo presiden ganjarcapres,senang
giat medium sosial dukung ganjar pranowo pinang erick thohir cawapr bagi pasang ganjarpranowo pilpr klop dgn ganjar tambah nilai plu figur,senang
anak muda bandung dukung penuh ganjar pranowo,senang
capres ganjar pranowo ziarah makam pahlawan nasion syekh muhammad zainuddin abdul majid pancor camat selong kabupaten lombok timur ntb minggu sindonew news,sedih
membenc maki lawan politik turut kandidat capres gadang maju pilpr 2024 ganjar pranowo ani baswedan putra baik bangsa tuga partai politik maju calon presiden,marah
asliindonesia11 dukung warga ntb ganjar pranowo ganjarcapres,senang
capres idam rakyat indonesia ganjar pranowo ajak warga ntb satu dukung ganjar,senang
yanharahap kemarin abang ngetweet hutang udah gunung muji muji koalisi ganjar pranowo,marah
mileni ntb kerah massa dukung ganjar pranowo calon presiden harap generasi muda indonesia menangtot 2024menangtot jenni gint bruno mar erina axelsen puan onic nabilataqiyyah lisa besok senin tvri aang yoshi lombok arin,marah
ganjar pranowo indonesia ema 2045 capai ganjarcapreses2024 ganjarpranowo ganjarcapres,senang
hadir ganjar pranowo sambut antusia masyarakat lombok riuh ria ganjar calon presiden menangtot 2024menangtot jenni gint bruno mar erina axelsen puan onic nabilataqiyyah lisa besok senin tvri aang yoshi lombok arin,marah
ganjar pranowo dialog gen z mileni bal ganjarcapreses2024 ganjarpranowo ganjarcapres,senang
ntb dukung ganjar pranowo ganjarcapreses2024 ganjarpranowo ganjarcapres,senang
ganjarpranowo bravo ganjar pranowo,senang
dprd jateng ingat kera ganjar pranowo pangeran tiktok ganjar sibuk nyapr amp bikin konten tauu rabu siang pegang beig tele sugeng erina aduk peopl power istora islam jakarta selamat 10 rezim petuga partai video,senang
ganjar pranowo menang total,senang
petuga kewalahan mengaw datang ganjar pranowo banyak simpatisan antar ganjar mataram prediksi simpatisan kader pdip bandara lombok sambut datang ganjar capai 500 orang,terkejut
propinsi bal metal merah total dukung ganjar pranowo bal bludak,terkejut
cutiekriesha che20palma ganjarpranowo roflgptbot ganjar pranowo a presid might a well turn indonesia into a dang dang empir,takut
rawan sahabat ganjar gelar acara senandung selawat amp doa raih menang utk ganjar pranowo amp indonesia 2024 ponp sirojul anwar jember jatim acara tsb hadir habib ahmad alaydru amp habib husein muhdor al muhdar santri amp masyarakat,senang
ganjar pranowo dialog gen z mileni bal,senang
ribu masyarakat ntb antusia sambut ganjar pranowo ganjarcapres,senang
lepa pribadi ganjar pranowo cinta agam mudah terima mana bal,senang
suasana semangat limut kader sambut datang ganjar pranowo gedung dpd pdip ntb hadir kemeja nuansa hitam ganjar sapa kader lanjut jalan pasuk gedung sahabatganjar ganjarpranowo ganjar menangkanganjar,senang
bonu demograsi generasi muda mileni gen z perhati capres ganjar pranowo peneru bangsa,senang
usung ppp cawapr ganjar pranowo sandiaga uno innalillahi wainnailaihirojiun tuga berat,sedih
lekmarteg ganjarpranowo karakt ganjar pranowo 1 nyali 2 persuasif 3 sekat,terkejut
pdip kompak megawati apit prananda ganjar pranowo hadir konsolidasi pdip gelar konsolidasi intern partai agenda bahas kuat menang ganjarpranowo pranowo pilpr 2024,terkejut
gen z dukung ganjar pranowo ganjarcapres,senang
ganjarpranowo ketemu dgn tgp lgsg ramai duet ganjar tgp sih gak presiden 2024 2034 ganjar,senang
ganjar pranowo dukung industri kreatif anak mileni gen z maju bangsa indonesia butuh sosok pimpin ganjar pranowo,senang
gubernur bal wayan koster bupati wali kota dukung ganjar pranowo beda partai,senang
ziarah makam tuan guru kh zainuddin abdul madjid ganjar pranowo gpdipulauseribumasjid ronaldo tita tvri coldplay onad mandalika nami zoro germangp onad,sedih
dukung gw ud ganjar mentor yg bukti hasil pimpin indonesia klo yg kaleng2 pantesan aja gercep vision nya ganjar pranowo jokowi,senang
antusia masyarakat ntb dukung ganjar pranowo presiden 2024 ganjarcapres ganjarpranowo,senang
rawan ntb dukung ganjar pranowo presiden 2024 dukung ganjar pranowo presiden 2024 ganjarcapres ganjarpranowo,senang
ganjar dukung generasi gen z mileni bal ganjar pranowo presiden 2024 dukung ganjar pilpr 2024 ganjarpranowo ganjarpranowofor2024 ganjarcapres,senang
muchnasikhin sutanmangara beliau presiden biarin yg bilang jawa suku nusantara dukung trah jawa presiden sukarno suharto jokowi ganjar jawa jawa dimana2 jawa flexibel luw layan top ganjar pranowo,senang
sutanmangara beliau presiden biarin yg bilang jawa suku nusantara dukung trah jawa presiden sukarno suharto jokowi ganjar jawa jawa dimana2 jawa flexibel luw layan top ganjar pranowo,senang
ganjarpranowo beliau presiden biarin yg bilang jawa suku nusantara dukung trah jawa presiden sukarno suharto jokowi ganjar jawa jawa dimana2 jawa flexibel luw layan top ganjar pranowo,senang
tempodotco beliau presiden biarin yg bilang jawa suku nusantara dukung trah jawa presiden sukarno suharto jokowi ganjar jawa jawa dimana2 jawa flexibel luw layan top ganjar pranowo,senang
sambut riah ganjar pranowo masyarakat rawan ntb indonesia tang ganjar pranowo ganjar pranowo layak presiden,senang
ganjar pranowo presiden 2024 dukung ganjar pilpr 2024 ganjarpranowo ganjarpranowofor2024 ganjarcapres,senang
dukung ganjar pranowo presiden 2024 ganjarcapres ganjarpranowo,senang
dukung ganjar pranowo presiden 2024 ganjarcapres ganjarpranowo,senang
ganjarpranowo satu menang ganjar pranowo,senang
mantap pa ganjar pranowo ganjaruntuksemua lanjutkanbersamaganjar,senang
ganjar pranowo joget bumbung ganjarsatukanrikuat ganjarsatukanrikuat,jijik
air mata tuan guru haji hazmi hamzar net doa ganjar pranowo presiden 2024 acara silaturahmi kantor dpw ppp ntb,sedih
fransiskusjurin prabowo the best for ri moga pilih presiden republik indonesia elektabilita prabowo kubu ganjar panik2nya elektabilita ganjar pranowo lorot,senang
momen ganjar pranowo sambut tgb lombok singgung sahabat jalin lombok insid ganjar thb ani ahi puan prabowo,senang
prabowo the best for ri moga pilih presiden republik indonesia elektabilita prabowo kubu ganjar panik2nya elektabilita ganjar pranowo lorot,jijik
besti ganjar target oleh suara ganjar pranowo 75 persen kab malang jawa timur,senang
bobalvr ganjar pranowo sosok pimpin oke mumpuni prestasi lanjut bangun jadi baik pakdementorganja,senang
bobalvr ganjar pranowo emang udah oke sih sosok pekimpin pokok ga lanjut aja bangun jadi baik pakdementorganja,senang
kompastv ahi masuk radar pdi juang sepenuh megawati pilih cocok bacapres ganjar pranowo,senang
bobalvr ganjar pranowo emang nggak ragu aksi nyata nya lanjut bangun jadi baik pakdementorganja,senang
bobalvr ganjar pranowo pimpin oke bener mumpuni prestasi lanjut bangun jadi baik pakdementorganja,senang
gelora bhinneka tunggal ika ganjar pranowo rangkul masyarakat ntb mengkaw sejahtera masyarakat pdiperjuangan 50tahunpdip bangunlahjiwadanbadannya solidbergerak menangkanganjar,terkejut
bobalvr ganjar pranowo sosok pimpin oke mumpuni tinggal lanjut bangun jadi baik pakdementorganja,senang
sambut ribu simpatisan sahabatganjar mengaw datang ganjar pranowo kabupaten lombok timur joss wi ganjarpranowo ganjar menangkanganjar generasigotongroyong,senang
bobalvr ganjar pranowo ga ragu kerja nya utk lanjut bangun jadi baik pakdementorganja,senang
bobalvr ganjar pranowo emang kerja nya good ya kalo beliau maju ga tinggak lanjut bangun jadi baik pakdementorganja,senang
bobalvr keren nya ganjar pranowo ga ragu deh lanjut bangun jadi baik pakdementorganja,senang
masyarakat bal antusia sambut ganjar pranowo ganjar presiden 2024 ganjarcapres,senang
bobalvr ganjar pranowo emang mumpuni sih ga tinggak lanjut bangun jadi baik pakdementorganja,senang
bobalvr ganjar pranowo pimpin oke mumpuni prestasi lanjut bangun jadi baik pakdementorganja,senang
ganjar pranowo dialog gen z mileni bal ganjarpranowo ganjarmenangtot ganjarcapres ganjarmajurimakmur ganjarberikesejahteraan ganjarmenang,senang
hahahaha umpat kesal 8 9 hr nunggu genep 10 thn oktob jaga sehat aja drun biar liat lantik ganjar pranowo gantung wanjembut yaman junjung,marah
geloraco insyaallah ani lantik ganjar pranowo presiden r,senang
repyoureba nih ganjar pranowo udah cocok banget nih lanjut juang jokowi pakdementorganja,senang
ntb satu menang ganjar datang ganjar pranowo lombok karno strategi,senang
ganjarpranowo mari satu dukung ganjar pranowo indonesia maj,senang
temu demo ala ganjar pranowo in ganjar we trust santridukungganjar ganjarpranowoforpresident2024 ganjarpranowo darisantriuntuknegri santridukungganjar ganjarpresiden ganjar2024 ganjarpranowo2024,senang
ganjar pranowo listrik grati warga ganjarpranowo bersamaganjar ganjaruntukrakyat ganjar2024 listrikgratisganjar,senang
ganjarpranowo untung banget warga lombok datang ganjar pranow,senang
ganjarpranowo cepat pua capai juang ganjar pranow,senang
ribu simpatisan sahabat ganjar mengaw datang ganjar pranowo kabupaten lombok timur minggu masyarakat lengkap atribut dukung pasti lewat momen temu sang calon presiden sahabatganjar ganjarpranowo ganjar,senang
alumnus unpad balad ganjar deklarasi dukung ganjar pranowo sosok nasional religiu presiden ri,senang
ganjar pranowo lanjut program bangun indonesia ganjarcapres ganjarpranowo2024 ganjarpresiden,senang
masyarakat ntb dukung menang ganjar pranowo ganjarcapres ganjarpranowo2024 ganjarpresiden,senang
ganjarpranowo daerah suka ganjar pranow,senang
rapat baris ganjar pranowo ganjarcapres ganjarpranowo2024 ganjarpresiden,senang
alumnus unpad nyata dukung ganjar pranowo ganjarcapres,senang
pesan capres ganjar pranowo masyarakat sebar berita hoak ganjarcapres ganjarpranowo2024 ganjarpresiden,marah
ganjarpranowo ganjar pranowo banget suara nt,terkejut
silaturahmi putu ganjar pranowo presiden ganjarcapres,senang
ganjarpranowo warga lombok ramah sambut ganjar pranow,senang
ganjar pranowo dukung kalang masyarakat kali ganjar dukung anak muda bandung ganjar pranowo sosok anti pakd jokowi,senang
anak muda bandung dukung ganjar pranowo ganjarcapres ganjarpranowo2024 ganjarpresiden,senang
safari politik ntb ganjar pranowo sambang marka dpw ppp nusa tenggara barat datang ganjar pranowo sambut hangat kader partai logo kalung selendang kader partai sahabatganjar ganjarpranowo ganjar menangkanganjar,senang
rangkai giat sahabat ganjar kabupaten tegal kabupaten situbondo masyarakat milik yakin ganjar pranowo,senang
ganjar pranowo sosok inspirasi alam politik,senang
balenciagka ganjarpranowo ganjar pranowo sosok inspirasi alam politik bia,senang
rapat baris ganjar pranowo sambut riah warga rawan ntb ganjarcapres ganjarcapreses2024,senang
bobalvr semangat ganjar pranowo pakdementorganjar udah layak bgt lanjutin program program yg terbukt,senang
dinihrdianti seruanhl tolakpelanggarham tolakpolitikidentita generasi z presiden humor dengar erti harap ganjarpranowo,senang
ganjarpranowo antusia warga lombok sambut datang ganjar pranow,senang
ahi puji sosok puan sbg politis hebat tulu gimmick bikin adem suasana puanmaharani ahi pdip demokrat aniesbaswedan tweetvir check out video tiktok,senang
ganjar pranowo sosok peneru jokowi ganjarcapres ganjarpranowo2024 ganjarpresiden,senang
ganjarpranowo mari dukung ganjar pranowo jdi presiden ri,senang
ganjar pranowo pimpin yg oke bgt sih beliau mumpuni prestasi lanjut bangun mantap pakdementorganja,senang
nugrohodjati76 doktertifa iya klo yg jd pleciden nya ani baswedan lahhh klo yg jd presiden nya ganjar pranowo yaaa nyanyi dgn lirik nya yg sumbang nyinyir,marah
ganjar pranowo milik rekam jejak prestasi orang terus juang jokowi pakdementorganja,senang
alhamdulillah ganjar pranowo emang keren bgt ga ragu deh lanjut bangun jadi baik pakdementorganja,senang
bobalvr ganjar pranowo milik rekam jejak prestasi orang terus juang jokowi pakdementorganja,senang
repyoureba alhamdulillah ganjar pranowo emang keren bgt ga ragu deh lanjut bangun jadi baik pakdementorganja,senang
kuahbasso ganjar pranowo pimpin yg oke bgt sih beliau mumpuni prestasi lanjut bangun mantap pakdementorganja,senang
kuahbasso ganjar pranowo emang keren ga ragu deh lanjut bangun jadi baik pakdementorganja,senang
kuahbasso ganjar pranowo emang keren bgt gausah ragu deh lanjut bangun jadi baik pakdementorganja,senang
ganjarpranowo optimi ganjar pranowo presiden r,senang
ganjar pranowo dialog gen z milleni bal ganjarberikankemajuan ganjarpilihanterbaik ganjarpranowo ganjarfor2024 pemiluserentak2024 pemilu2024 likeforlik trend follom,senang
ganjarpranowo mari kawal ganjar pranowo,senang
ganjar pranowo paktelur,marah
maju ganjar bukti dekat ganjar pranowo gen z ganjarcapres onad tita malm squidgame2 seventeen morninggg moonbyul innalillahi iphon 14 salmasalsabil onic indonesiaopen2023 ronaldo rafael leao,senang
mantap alumnus unpad sepakat dukung ganjar pranowo ganjarberikankemajuan ganjarpilihanterbaik ganjarpranowo ganjarfor2024 pemiluserentak2024 pemilu2024 likeforlik trend follom,senang
90 anak bandung dukung ganjar pranowo ganjarberikankemajuan ganjarpilihanterbaik ganjarpranowo ganjarfor2024 pemiluserentak2024 pemilu2024 likeforlik trend follom,senang
anak muda bandung dukung ganjar pranowo ganjarberikankemajuan ganjarpilihanterbaik ganjarpranowo ganjarfor2024 pemiluserentak2024 pemilu2024 likeforlik trend follom,senang
ganjar pranowo semangat muda indonesia ganjarcapres,senang
ribu masyarakat ntb antusia sambut hadir capres ganjar pranowo ganjarberikankemajuan ganjarpilihanterbaik ganjarpranowo ganjarfor2024 pemiluserentak2024 pemilu2024 likeforlik trend follom,senang
balenciagka ganjarpranowo indonesia butuh pimpin milik jejak pimpin bagu ganjar pranowo mari satu dukung beliau pimpin negara arah,senang
kosongsatumet ganjarpranowo ganjaranapp indonesia butuh pimpin milik jejak pimpin bagu ganjar pranowo mari satu dukung beliau pimpin negara arah,senang
warga ntb dukung ganjar pranowo ganjarberikankemajuan ganjarpilihanterbaik ganjarpranowo ganjarfor2024 pemiluserentak2024 pemilu2024 likeforlik trend follom,senang
balenciagka ganjarpranowo ganjar pranowo bukti pimpin hasil positif beliau pimpin indonesia lanjut bangun,senang
kosongsatumet ganjarpranowo ganjaranapp jejak pimpin bagu ganjar pranowo alas sempat pimpin indonesia,senang
bal totalita menang ganjar pranowo presiden ganjarcapres,senang
balenciagka ganjarpranowo jejak pimpin bagu ganjar pranowo bukti sosok layak pimpin indonesia,senang
repyoureba panutan ganjar pranowo beliau matang lanjut tuga perintah jokowi indonesia depan pakdementorganja,senang
ganjar pranowo peneru jokowi maju indonesia ganjarcapres,senang
bobalvr awal nol buang harga butuh pimpin ganjar pranowo milik alam hasil lanjut bangun pakdementorganja,senang
kosongsatumet ganjarpranowo ganjaranapp jejak pimpin bagu ganjar pranowo bukti sosok layak pimpin indonesia,senang
repyoureba ganjar pranowo paham banget nggak lanjut bangun jadi baik pakdementorganja,senang
balenciagka ganjarpranowo ganjar pranowo milik jejak pimpin bagu pimpin indonesia,senang
kosongsatumet ganjarpranowo ganjaranapp ganjar pranowo milik jejak pimpin bagu pimpin indonesia,senang
repyoureba ubah lanjut ganjar pranowo sosok terus juang pakdementorganja,senang
kuahbasso kerja ganjar pranowo oke lanjut juang jokowi pakdementorganja,senang
mabar maju ganjar bukti dekat ganjar pranowo gen z ganjarcapres ganjarmenangtot ganjarpranowo2024 ganjarpranowo sahabatganjar relawanganjar,senang
rapat baris ganjar pranowo sambut riah warga ntb rawan ntb ganjarcapres ganjarmenangtot ganjarpranowo2024 ganjarpranowo sahabatganjar relawanganjar,senang
repyoureba ganjar pranowo sosok cocok lanjut tongkat estafet pakdementorganja,senang
kuahbasso ganjar pranowo paham banget nggak lanjut bangun jadi baik pakdementorganja,senang
anak muda bandung dukung ganjar pranowo capres 2024 ganjarcapres ganjarmenangtot ganjarpranowo2024 ganjarpranowo sahabatganjar relawanganjar,senang
ribu masyarakat ntb antusia sambut hadir capres ganjar pranowo ganjarcapres ganjarmenangtot ganjarpranowo2024 ganjarpranowo sahabatganjar relawanganjar,senang
kosongsatumet ganjarpranowo ganjaranapp kagum sembah ganjar pranowo kepala daerah ubah signifikan hidup orang bukti nyata kehebatanni,senang
bobalvr tuju pandang jokowi butuh pimpin bangun sinergi bawa maju ganjar pranowo sosok cocok lanjut tongkat estafet pakdementorganja,senang
repyoureba pimpin lanjut kerja aset harga ganjar pranowo bukti pimpin lanjut kontribusi nyata pakdementorganja,senang
anak muda bandung dukung penuh ganjar pranowo ganjarcapres bruno mar lisa tvri iphon 14 gint kingthelandep1 jungkooki yeonjun namjoon gantung plossa,senang
kosongsatumet ganjarpranowo ganjaranapp sungguh hasil ganjar pranowo kepala daerah ubah hidup orang,terkejut
kuahbasso awal nol buang harga butuh pimpin ganjar pranowo milik alam hasil lanjut bangun pakdementorganja,senang
alumnus unpad nyata dukung ganjar pranowo presiden ganjarcapres,senang
suasana semangat limut kader sambut datang ganjar pranowo gedung dpd pdip ntb sahabatganjar,senang
ganjarsatukanrikuat ganjar pranowo pimpin peduli didik,senang
kosongsatumet ganjarpranowo ganjaranapp ganjar pranowo kepala daerah ubah hidup orang,terkejut
alumnus unpad dukung ganjar pranowo presiden ganjarcapres,senang
ganjar pranowo terima tepuk tangan riah masyarakat ntb onad malm iphon 14 pdiperjuangan,senang
anak muda bandung dukung ganjar pranowo presiden ganjarcapres,senang
menteri bumn erickthohir nilai sosok damping calon presiden pdi juang ganjarpranowo unggul erick thohir dunia ekonomi bisni lengkap ganjar pranowo birokrat politis tulen ganjarerickduetterbaik,terkejut
repyoureba kerja ganjar pranowo oke lanjut juang jokowi pakdementorganja,senang
halo sahabat ribu rawan sahabat ganjar masyarakat nusa tenggara barat sambut datang ganjar pranowo penuh antusiasm lombok intern airport ganjarpranowo sahabatganjar generasigotongroyong menangkanganjar ganjar,senang
rawat jiwa nusantara,terkejut
keren indonesia butuh pimpin ganjar pranowo ganjarcapres,senang
mantap potensi parpol dlm dukung penuh capres pdip ganjarpranowo milu keren,senang
bal kandang banteng amp 95 utk ganjarpranowo yg mustahil,marah
ria gembira gen z generasi mileni lontar sambut datang ganjarpranowo kebon vintag car cafe interaksi hangat riah mileni ganjaranapp ganjarforpresiden2024 ganjarpresiden2024,senang
waaah mantep nih ganjar lombok damping tgb gpdipulauseribumasjid,senang
ganjar pranowo sosok pimpin adab ganjarpranowo ganjarcapres,senang
wooooooowwww peopl poweeerrr ganjar pranowo semangat merah putih lombok,terkejut
fyi aja nih gae ditot ya 81 pasar jateng revitalisasi bangun ganjar pranowo hebat ya ganjarcapres ganjar ganjarpresiden2024 pdip pasukanganjarbali milu capreses2024 bal politik,marah
uyokback jangan2 program ganjar pranowo nih ga sopan kemenakertran kagok edan,takut
bobalvr keren yaa ken ikut selfi bareng ganjar pranowo sosok pimpin idola gua bpk jokowi gpdipulauseribumasji,senang
kakekhal ganjar pranowo menang total,senang
bal keren sekian ide kreatif inovatif atas lingkung ekonomi digit salut ganjarcapres ganjar pranowo tvri sd inpr iphon 14 ronaldo zoro inkigayo gantung plossa minggu,terkejut
yodisss wihhh ramee nihhh sampek rebut sambut ganjar pranowo semangat gpdipulauseribumasji,senang
bobalvr yaaa pendukungnyaaa semangat ganjar gpdipulauseribumasji,senang
bobalvr salah partai dukung ganjar pranowo dpw partai perindo ntb jamu datang capres gpdipulauseribumasji,marah
bobalvr kesini masyarakat yg dukung ganjar pranowo gpdipulauseribumasji,marah
nih temu orang keren banget nih dua semangat ganjar pranowo gpdipulauseribumasji,senang
ganjar pranowo sosok santun amp ramah,senang
ganjar pranowo calon presiden,senang
ganjar pranowo sosok pimpin ayom kalang,senang
ganjar pranowo sosok pimpin adab,senang
ganjarpranowo ganjar pranowo presiden peneru kerja presiden jokowi rampung indonesia maju sejahtera,senang
bal lombok ganjar pranowo sapa rakyat,senang
ganjar pranowo capres idam rakyat rakyat,senang
rstmbcl ganjarpranowo ganjar pranowo keren,senang
indonesia butuh pimpin hebat ganjar pranowo ganjarmenangtot,senang
ganjar pranowo abai aspirasi capresesganjar,marah
ganjar pranowo sosok pimpin adap ganjarcapres,terkejut
ganjar pranowo kaum meleni gen z ganjarcapres,senang
gaet mileni generasi z ganjar pranowo cawapresnya figur muda,senang
pilih ganjar pranowo,senang
cinta ganjar sambut riah semeton bal ganjar pranowo ganjarcapres,senang
ganjar pranowo suka masyarakat indonesia,senang
ganjar pranowo mantap,senang
ganjar pranowo the best,senang
ganjar pranowo semangat muda,senang
ganjar pranowo berani cerda,senang
ganjar pranowo ayom,senang
ganjar pranowo maju bangsa indonesia,senang
geloraco aniesbaswedan tipu lembaga survey,senang
tdk mudah goyah dgn iming2 apa dukung ganjar pranowo jg kritis krn sbg dukung bkn diam kritik yg dukung kritik yg dukung depan dp,terkejut
sikap tdk harga spr skr dukung ganjar pranowo jd capres krn sikap tdk mundur sedikit hr tunggu arah dlm politik etika sikap yg konsist,marah
ganjarpranowo mari sama2 gapai mimpi indonesia yg kuat berdikari 2045 ganjar pranow,senang
ganjarpranowo raja ngelucu ganjar pranowo,senang
tolakpelanggarham tolakpolitikidentita generasi z presiden humor dengar erti harap ganjar pranowo,marah
dukung ganjar pranowo,senang
ganjar pranowo pimpin,senang
kode alam tanda zaman presiden ri 8 mobil fatmawati isteri karno presiden ri 1 megawati soekarno putri presiden ri 5 kemarin tumpang ganjar pranowo calon presiden ri 8,terkejut
joko widodo mentor baik ganjar pranowo jokowi pimpin hati caci hina fitnah dera buat tumbang patah arang maju nkri salam merdeka nkrihargamati,senang
ambil positif aja milu riang gembira ganjar pranowo prabowo,senang
adu masyarakat lapor gub bukti direspon cepat langsung ditindaklanjuti gubernur jawa ganjar pranowo lapor adu masyarakat masuk lapor gub,senang
cengar cengir,jijik
